last name,first name,other,full_name,api_gender,api_samples,api_probability
Jansen,Peder Andreas,,Peder Andreas Jansen,male,45305.0,0.99
Maza,Marc Moreno,,Marc Moreno Maza,male,11.0,0.91
Nijs,Marcel den,,Marcel den Nijs,male,11.0,1.0
Kulkarni,Suchita,,Suchita Kulkarni,female,279.0,0.98
Varela-Rosales,Nydia Roxana,,Nydia Roxana Varela-Rosales,female,10818.0,0.99
Rheinstadter,Maikel C.,,Maikel C. Rheinstadter,male,3192.0,0.99
Kher,Virendrasinh,,Virendrasinh Kher,male,33.0,1.0
Park,Suk Won,,Suk Won Park,male,4.0,1.0
Alahmadi,Amal A.,,Amal A. Alahmadi,female,15415.0,0.85
Singh,Pushpander,,Pushpander Singh,male,7.0,0.86
Parisi,Florencia,,Florencia Parisi,female,3275.0,0.98
Jayasekara,Hirunima,,Hirunima Jayasekara,male,7.0,1.0
Krauser,Jasper S.,,Jasper S. Krauser,male,6699.0,0.99
Yau,Kam Hung,,Kam Hung Yau,male,7303.0,0.9
Pedreira,M Martinez,,M Martinez Pedreira,male,1553.0,0.5
Shah,Kenil,,Kenil Shah,male,49.0,1.0
Wu,Zhenglin,,Zhenglin Wu,male,10.0,0.9
Forteza,Xisco Jiménez,,Xisco Jiménez Forteza,male,506.0,0.98
Campstrini,Lucíola,,Lucíola Campstrini,female,11.0,1.0
Mohammed,Jihad Jamil,,Jihad Jamil Mohammed,male,73204.0,0.98
A.,Khamidullina D.,,Khamidullina D. A.,female,4.0,0.75
Deniélou,Pierre-Malo,,Pierre-Malo Deniélou,male,60777.0,0.98
Jaudon,Ghislain,,Ghislain Jaudon,male,3240.0,0.98
Kaplan,Kyle F.,,Kyle F. Kaplan,male,25335.0,0.98
Fong,Bryan H.,,Bryan H. Fong,male,27027.0,0.99
Khatouni,Ali Safari,,Ali Safari Khatouni,male,240857.0,0.94
West,Mieka,,Mieka West,female,25.0,0.96
Benmohamed,Hcene,,Hcene Benmohamed,male,32.0,0.97
Vu,Thanh-Tung,,Thanh-Tung Vu,male,10144.0,0.68
Wong,Wai-Choong,,Wai-Choong Wong,male,1410.0,0.78
Sotomayor-Torres,Clivia Marfa,,Clivia Marfa Sotomayor-Torres,female,149.0,0.91
S,Mohan Kumar,,Mohan Kumar S,male,8229.0,0.99
Stojnic,Mihailo,,Mihailo Stojnic,male,264.0,1.0
Mahajan,Sanjoy,,Sanjoy Mahajan,male,786.0,0.99
Gomes,Maria Ribeiro,,Maria Ribeiro Gomes,female,36.0,0.97
Latallerie,Flanck,,Flanck Latallerie,male,4.0,0.75
Jiang,Shangpu,,Shangpu Jiang,male,731.0,0.67
Yan,Huiya,,Huiya Yan,female,6.0,1.0
Noble,Scott C.,,Scott C. Noble,male,48262.0,1.0
Iyengar,Puneeth,,Puneeth Iyengar,male,367.0,1.0
Yamamoto,Hirosuke,,Hirosuke Yamamoto,male,4.0,1.0
Pedreira,and A. C. Caligula do E. S.,,and A. C. Caligula do E. S. Pedreira,male,3495.0,0.71
Sutton,Phil J,,Phil J Sutton,male,25391.0,0.98
Fan,Hen,,Hen Fan,male,565.0,0.77
Gupta,Bhupendra,,Bhupendra Gupta,male,1523.0,0.99
Potluri,Pushpa Sree,,Pushpa Sree Potluri,male,3105.0,0.53
Amiraslanov,Imamaddin R.,,Imamaddin R. Amiraslanov,male,4.0,0.75
Knight,Julia F.,,Julia F. Knight,female,57688.0,0.97
Bakr,Nachwa Abou,,Nachwa Abou Bakr,male,3833.0,0.97
Park,YongKeun,,YongKeun Park,male,7.0,1.0
Setlur,Amrith Rajagopal,,Amrith Rajagopal Setlur,male,341.0,0.98
Zhang,Ruimao,,Ruimao Zhang,male,2518.0,0.61
Kanchanavatee,Noravee,,Noravee Kanchanavatee,male,4.0,0.75
Huang,Ko-Fan,,Ko-Fan Huang,male,4382.0,0.77
Grossman,Maura R.,,Maura R. Grossman,female,7228.0,0.99
Zhang,Ai-Xia,,Ai-Xia Zhang,female,2276.0,0.72
Kok,Piet J. J.,,Piet J. J. Kok,male,5478.0,0.92
Storch,David-Maximilian,,David-Maximilian Storch,male,384717.0,0.99
Jiang,Hongyuan,,Hongyuan Jiang,male,18.0,0.89
Gomonay,Helen V.,,Helen V. Gomonay,female,23138.0,0.98
Abdollah-nia,Mohammad-Farshad,,Mohammad-Farshad Abdollah-nia,male,49181.0,0.99
Bishofberger,Kip,,Kip Bishofberger,male,680.0,0.89
Chowdhury,Rahul Singha,,Rahul Singha Chowdhury,male,44914.0,1.0
Buruiană,Andrei-Sebastian,,Andrei-Sebastian Buruiană,male,60199.0,0.99
Moussa,Ali Cherif,,Ali Cherif Moussa,male,7.0,1.0
Keyes,Tia E,,Tia E Keyes,female,3748.0,0.9
Iqbal,Amer,,Amer Iqbal,male,6990.0,0.97
Lourenço-Vittorino,Grazielle de A.,,Grazielle de A. Lourenço-Vittorino,female,392.0,0.98
Oh,Kwang-Kyo,,Kwang-Kyo Oh,male,1454.0,0.59
Maitra,Indra Kanta,,Indra Kanta Maitra,male,7192.0,0.87
P,Aswathylakshmi,,Aswathylakshmi P,unknown,,
Moreira,Gladston,,Gladston Moreira,male,54.0,1.0
Demir,Esma,,Esma Demir,female,5001.0,0.96
Gómez-de-Segura,Garazi,,Garazi Gómez-de-Segura,female,171.0,0.96
Lam,Jacqueline C. K.,,Jacqueline C. K. Lam,female,23327.0,0.98
Liu,Gaochao,,Gaochao Liu,male,4.0,0.75
Mbirika,Aba,,Aba Mbirika,male,787.0,0.69
C.,Ranc,,Ranc C.,male,18.0,0.61
Adupa,Abhishek Kalyan,,Abhishek Kalyan Adupa,male,29406.0,1.0
Li,Jin-Zeng,,Jin-Zeng Li,male,5002.0,0.71
Siam,Sayem Mohammad,,Sayem Mohammad Siam,male,47749.0,0.99
Ghanem,Walid R.,,Walid R. Ghanem,male,21687.0,0.98
Milone,Eugene F.,,Eugene F. Milone,male,9688.0,0.97
Mindlin,Bernardo Gabriel,,Bernardo Gabriel Mindlin,male,59297.0,0.99
Vidyasagar,Pandit B.,,Pandit B. Vidyasagar,male,200.0,1.0
Strain,Kenneth A,,Kenneth A Strain,male,20555.0,0.99
Townsend,Arthur R.,,Arthur R. Townsend,male,20561.0,0.99
O'Toole,Alice J.,,Alice J. O'Toole,female,40209.0,0.98
Kim,Gol,,Gol Kim,male,204.0,0.59
Welz,Detmar Martin,,Detmar Martin Welz,male,139219.0,0.98
Hiluf,Dawit,,Dawit Hiluf,male,627.0,1.0
Chrzan,Daryl C.,,Daryl C. Chrzan,male,3422.0,0.94
Hwang,Irvin,,Irvin Hwang,male,3904.0,1.0
Stoumpos,Constantinos C.,,Constantinos C. Stoumpos,male,672.0,0.99
MD,Piyush Mathur,,Piyush Mathur MD,male,17615.0,0.98
Zhu,Yuanran,,Yuanran Zhu,male,674.0,0.61
Veronig,Astrid M.,,Astrid M. Veronig,female,8237.0,0.98
de Oliveira,Italo N.,,Italo N. de Oliveira,male,2969.0,0.99
Delapierre,Francois-Damien,,Francois-Damien Delapierre,male,48445.0,0.99
Popa,Diana Nicoleta,,Diana Nicoleta Popa,female,4.0,1.0
Beyer,Horst R.,,Horst R. Beyer,male,4102.0,0.98
Klebaner,Fima,,Fima Klebaner,male,77.0,0.58
Oyarzún,Grecco A.,,Grecco A. Oyarzún,male,16.0,1.0
Do,Phan-Thuan,,Phan-Thuan Do,male,3208.0,0.7
Chalamalasetti,Sai Rahul,,Sai Rahul Chalamalasetti,male,44776.0,1.0
Solé,Josep Lluís,,Josep Lluís Solé,male,26.0,1.0
Kong,Ki-Jeong,,Ki-Jeong Kong,male,1594.0,0.72
Liu,Ze Long,,Ze Long Liu,male,2224.0,0.93
Bui,Phuong Thuy,,Phuong Thuy Bui,female,36.0,0.97
Nikolaidis,Marios-Andreas,,Marios-Andreas Nikolaidis,male,48427.0,0.99
Boonstra,Albert-Jan,,Albert-Jan Boonstra,male,26.0,1.0
Li,Zimi,,Zimi Li,male,48.0,0.69
Nishimura,Dwight G,,Dwight G Nishimura,male,1685.0,0.99
Aoyama,Yuhiko,,Yuhiko Aoyama,male,3.0,0.67
Paillard,Gabriel A. L.,,Gabriel A. L. Paillard,male,59297.0,0.99
Kent,Candace M.,,Candace M. Kent,female,2743.0,0.98
Pal,Umapada,,Umapada Pal,male,3.0,1.0
Lopes,Ana Paula Brandão,,Ana Paula Brandão Lopes,female,193265.0,0.97
Gunter,Elsa L.,,Elsa L. Gunter,female,14648.0,0.98
Ghosh,Bahniman,,Bahniman Ghosh,male,3.0,1.0
Luo,Yunqiu Kelly,,Yunqiu Kelly Luo,female,48308.0,0.88
Reddy,Bacham Eswar,,Bacham Eswar Reddy,male,518.0,1.0
Heidarsson,Hordur K.,,Hordur K. Heidarsson,male,13.0,1.0
Babayev,Mirbaba M.,,Mirbaba M. Babayev,male,7.0,1.0
Purbarani,Sumarsih Condroayu,,Sumarsih Condroayu Purbarani,female,6.0,1.0
Wozniak,Przemyslaw,,Przemyslaw Wozniak,male,931.0,0.99
Pang,Cheng-qun,,Cheng-qun Pang,male,2002.0,0.72
Vongsvivut,Jitraporn,,Jitraporn Vongsvivut,female,13.0,0.92
Ren,Binyin,,Binyin Ren,female,4.0,0.75
Yamane,Hideshi,,Hideshi Yamane,male,17.0,1.0
Henriquez,Enrique Blanco,,Enrique Blanco Henriquez,male,6.0,1.0
Aisati,Chaimae El,,Chaimae El Aisati,female,1616.0,0.98
Brizard,Alain J.,,Alain J. Brizard,male,53597.0,0.98
Detre,Ors H.,,Ors H. Detre,male,36.0,0.72
Khassanov,Yerbolat,,Yerbolat Khassanov,male,28.0,1.0
La Haye,Reuben N.,,Reuben N. La Haye,male,15263.0,0.56
Zurek,Dave R.,,Dave R. Zurek,male,53006.0,0.99
Cherng,Hsiang-En,,Hsiang-En Cherng,male,741.0,0.7
Huang,Xin-Ru,,Xin-Ru Huang,male,2131.0,0.6
Sandev,Trifce,,Trifce Sandev,male,5.0,1.0
Wu,Allen C. -H.,,Allen C. -H. Wu,male,10293.0,0.96
Tanveer,Md. Siddiqur Rahman,,Md. Siddiqur Rahman Tanveer,male,3328.0,0.98
Rai,Juhi H.,,Juhi H. Rai,female,736.0,0.98
Murphy,Robin R.,,Robin R. Murphy,male,32295.0,0.75
Patel,Nimesh,,Nimesh Patel,male,921.0,1.0
Agarap,Abien Fred,,Abien Fred Agarap,male,49842.0,0.96
Shah,Abhay G.,,Abhay G. Shah,male,3943.0,1.0
Márquez,María Auxiliadora,,María Auxiliadora Márquez,female,22.0,0.95
Kanhe,Nilesh S.,,Nilesh S. Kanhe,male,7040.0,1.0
Tredenick,Eloise C.,,Eloise C. Tredenick,female,1911.0,0.98
Grist,David A. M.,,David A. M. Grist,male,381770.0,0.99
Gamper,La.,,La. Gamper,female,19.0,0.84
Wu,Jung-Hsuan,,Jung-Hsuan Wu,male,1569.0,0.69
Nguyen,Nghiem V.,,Nghiem V. Nguyen,male,127.0,0.86
Fu,Cheng Peng,,Cheng Peng Fu,male,3255.0,0.78
Arefe,Ghidewon,,Ghidewon Arefe,female,39.0,0.82
Suzuki,Ryuiji,,Ryuiji Suzuki,male,458.0,0.8
Ravat,Uma V.,,Uma V. Ravat,female,2833.0,0.74
Gunatilleka,Danul K.,,Danul K. Gunatilleka,male,3.0,1.0
Zhuang,Wei Feng,,Wei Feng Zhuang,male,8.0,1.0
Ginestet,Cedric E.,,Cedric E. Ginestet,male,35105.0,0.99
Parfrey,Kyle P.,,Kyle P. Parfrey,male,25335.0,0.98
Pimentel,Bruto Max,,Bruto Max Pimentel,male,70019.0,0.98
Hannan,Raquibul,,Raquibul Hannan,male,11.0,1.0
Chen,Shaomin,,Shaomin Chen,unknown,6.0,0.5
Negash,Awoke,,Awoke Negash,male,29.0,0.9
Nieuwenhuizen,Th. M.,,Th. M. Nieuwenhuizen,male,44.0,0.95
Carrera,Jose Luis V.,,Jose Luis V. Carrera,male,15708.0,0.99
Sivanesan,Vishagan,,Vishagan Sivanesan,male,7.0,1.0
Alexey,Bobtsov,,Bobtsov Alexey,male,7132.0,1.0
Frost,Mark I,,Mark I Frost,male,48064.0,1.0
Yeo,Yeon-Mi,,Yeon-Mi Yeo,female,3283.0,0.56
Sanchez-Valencia,Juan-Ramon,,Juan-Ramon Sanchez-Valencia,male,3.0,1.0
Boulmane,Lahsen,,Lahsen Boulmane,male,315.0,0.97
Lin,Hui-Wen,,Hui-Wen Lin,female,7.0,1.0
Breaban,Mihaela Elena,,Mihaela Elena Breaban,female,74810.0,0.98
Kabanov,Viktor V,,Viktor V Kabanov,male,14163.0,0.98
-H.,Wang Z.,,Wang Z. -H.,male,3.0,0.67
Tan,Adrian Teck Keng,,Adrian Teck Keng Tan,male,57175.0,0.98
Caretta,Ottone,,Ottone Caretta,male,55.0,0.93
Li,Guang-Bing,,Guang-Bing Li,male,1291.0,0.68
Noei,Heshmat,,Heshmat Noei,male,54.0,0.93
Tabor,Vedrana Högqvist,,Vedrana Högqvist Tabor,female,226.0,0.97
Cohen,LF,,LF Cohen,male,93.0,0.73
Martínez-García,Anaís,,Anaís Martínez-García,female,53.0,0.98
Zhang,Lucy Liuxuan,,Lucy Liuxuan Zhang,female,20520.0,0.98
Shafaat,Ahmed Bin,,Ahmed Bin Shafaat,male,156470.0,0.98
Das,Shankar P.,,Shankar P. Das,male,3938.0,1.0
Jones,Hugh R. R.,,Hugh R. R. Jones,male,2949.0,0.99
Alonso,Daniel Calvo,,Daniel Calvo Alonso,male,22.0,1.0
Waldvogel,Siegfried R.,,Siegfried R. Waldvogel,male,1551.0,0.99
Bui,Trung H.,,Trung H. Bui,male,3594.0,0.98
Baba,Mohamed Ahmed Mohamed,,Mohamed Ahmed Mohamed Baba,male,502476.0,0.98
Clements,Robert Alan,,Robert Alan Clements,male,12.0,1.0
Nardelli,Pedro J. H.,,Pedro J. H. Nardelli,male,109853.0,0.99
Flores,Marco Antonio Rodríguez,,Marco Antonio Rodríguez Flores,male,3.0,1.0
Tay,Noel Nuo Wi,,Noel Nuo Wi Tay,male,11384.0,0.88
Khandaker,32 M.,,32 M. Khandaker,unknown,,
Fukushi,Hinako,,Hinako Fukushi,female,24.0,1.0
Pérez-Ruiz,Diego Andrés,,Diego Andrés Pérez-Ruiz,male,66.0,1.0
