first_name,middle_name,last_name,full_name,gender,api_gender,api_gender_final
peter,,aaby,peter aaby,male,male,male
shawn,,aaron,shawn aaron,male,mostly_male,male
kevin,,abbott,kevin abbott,male,male,male
salim,,abdulla,salim abdulla,male,male,male
corine,,aboa-eboulé,corine aboa-eboulé,female,female,female
ahmed,,abou-setta,ahmed abou-setta,male,male,male
william,,abraham,william abraham,male,male,male
bo,,abrahamsen,bo abrahamsen,male,male,male
donald,,abrams,donald abrams,male,male,male
nancy,,aburto,nancy aburto,female,female,female
jane,ruth,aceng,jane ruth aceng,female,female,female
linda,,adair,linda adair,female,female,female
soheir,,adam,soheir adam,female,female,female
alyce,,adams,alyce adams,female,female,female
giovanni,,addolorato,giovanni addolorato,male,male,male
neill,,adhikari,neill adhikari,male,male,male
dwomoa,,adu,dwomoa adu,unknown,unknown,unknown
walter,,ageno,walter ageno,male,male,male
giancarlo,,agnelli,giancarlo agnelli,male,male,male
martin,,ahlgren,martin ahlgren,male,male,male
jiyoung,,ahn,jiyoung ahn,female,unknown,unknown
alexander,,aiken,alexander aiken,male,male,male
agneta,,akesson,agneta akesson,female,female,female
christine,,albert,christine albert,female,female,female
svenja,,albrecht,svenja albrecht,female,female,female
thomas,,aldrich,thomas aldrich,male,male,male
melissa,,aldridge,melissa aldridge,female,female,female
berthe,,aleman,berthe aleman,female,female,female
erik,,alexander,erik alexander,male,male,male
lorraine,niño,alexander,lorraine niño alexander,female,female,female
richard,,alexander,richard alexander,male,male,male
caleb,,alexander, caleb alexander,male,male,male
graziella,badin,aliti,graziella badin aliti,female,female,female
sana,,al-khatib,sana al-khatib,female,female,female
stephen,,allen,stephen allen,male,male,male
richard,,allen,richard allen,male,male,male
christopher,,almond,christopher almond,male,male,male
pedro,,alonso,pedro alonso,male,male,male
sharif,,al-ruzzeh,sharif al-ruzzeh,male,male,male
fernando,,althabe,fernando althabe,male,male,male
daniel,,altman,daniel altman,male,male,male
francisco,,alvarez-blasco,francisco alvarez-blasco,male,male,male
amit,,amin,amit amin,male,male,male
peter,,ammann,peter ammann,male,male,male
katherine,,anagnostou,katherine anagnostou,female,female,female
sudhir,,anand,sudhir anand,male,male,male
cande,,ananth,cande ananth,male,unknown,unknown
kathryn,,anastos,kathryn anastos,female,female,female
johan,hviid,andersen,johan hviid andersen,male,male,male
gerard,,anderson,gerard anderson,male,male,male
monique,,anderson,monique anderson,female,female,female
jason,,andrews,jason andrews,male,male,male
joão,,anselmo,joão anselmo,male,mostly_male,male
kevin,,anstrom,kevin anstrom,male,male,male
nicholas,,anthonisen,nicholas anthonisen,male,male,male
antonella,,d'arminio monforte,antonella d'arminio monforte,female,female,female
tony,,antoniou,tony antoniou,male,male,male
latifat,,apatira,latifat apatira,female,unknown,unknown
christian,,apfel,christian apfel,male,male,male
lawrence,,appel,lawrence appel,male,male,male
andre,,araujo,andre araujo,male,male,male
diego,,ardissino,diego ardissino,male,male,male
james,,armitage,james armitage,male,male,male
katrina,,armstrong,katrina armstrong,female,female,female
paul,,armstrong,paul armstrong,male,male,male
bertrand,,arnulf,bertrand arnulf,male,male,male
sanjeev,,arora,sanjeev arora,male,male,male
adelaide,,arruda-olson,adelaide arruda-olson,female,female,female
bjørn,,asvold,bjørn asvold,male,male,male
robert,,atmar,robert atmar,male,male,male
alexandra,,aubry,alexandra aubry,female,female,female
wady,,aude, wady aude,male,unknown,unknown
reto,,auer,reto auer,male,male,male
andrew,,auerbach,andrew auerbach,male,male,male
philippe,,autier,philippe autier,male,male,male
liat,,ayalon,liat ayalon,female,female,female
henk-jan,,baarslag,henk-jan baarslag,male,unknown,unknown
mohan,,babapulle,mohan babapulle,male,male,male
ambika,,babu,ambika babu,female,female,female
filip,,baert,filip baert,male,male,male
laura,,baglietto,laura baglietto,female,female,female
hossein,,bahrami,hossein bahrami,male,male,male
amos,,bailey, amos bailey,male,male,male
william,,baker,william baker,male,male,male
michael,,baker,michael baker,male,male,male
tracy,,balboni,tracy balboni,female,mostly_female,female
carol,,baldwin,carol baldwin,female,mostly_female,female
ethan,,balk,ethan balk,male,male,male
rob,,baltussen,rob baltussen,male,male,male
heejung,,bang,heejung bang,female,unknown,unknown
raveendhara,,bannuru,raveendhara bannuru,unknown,unknown,unknown
jessica,,banthin,jessica banthin,female,female,female
selina,,banu,selina banu,female,female,female
robert,,barclay,robert barclay,male,male,male
aditya,,bardia,aditya bardia,male,male,male
aileen,,barnes,aileen barnes,female,female,female
janice,,barnhart,janice barnhart,female,female,female
graham,,barr, graham barr,male,male,male
ben,,barr,ben barr,male,male,male
josé,augusto,barreto-filho,josé augusto barreto-filho,male,male,male
bruce,,barrett,bruce barrett,male,male,male
elizabeth,,barrett-connor,elizabeth barrett-connor,female,female,female
alon,,barsheshet,alon barsheshet,male,male,male
jeffrey,,barsuk,jeffrey barsuk,male,male,male
bradley,,bart,bradley bart,male,male,male
geertje,,bartelds,geertje bartelds,female,female,female
pelham,,barton,pelham barton,male,unknown,unknown
ezra,,barzilay,ezra barzilay,male,male,male
josé,,baselga,josé baselga,male,male,male
lori,,bash,lori bash,female,female,female
sanjay,,basu,sanjay basu,male,male,male
shannon,,bates,shannon bates,female,mostly_female,female
michael,,bates,michael bates,male,male,male
pelin,,batur,pelin batur,female,female,female
tim,,bauer,tim bauer,male,male,male
jerry,,bauman,jerry bauman,male,male,male
liesbeth,,bax,liesbeth bax,female,female,female
antoni,,bayes-genis,antoni bayes-genis,male,male,male
lydia,,bazzano,lydia bazzano,female,female,female
michael,,becker,michael becker,male,male,male
david,,becker,david becker,male,male,male
paula,,bednarek,paula bednarek,female,female,female
george,,bedu-addo,george bedu-addo,male,male,male
colin,,begg,colin begg,male,male,male
philip,,bejon,philip bejon,male,male,male
chaim,,bell,chaim bell,male,male,male
keith,,bellizzi,keith bellizzi,male,male,male
eran,,bendavid,eran bendavid,male,male,male
iddo,,ben-dov,iddo ben-dov,male,male,male
gary,,bennett,gary bennett,male,male,male
elliott,,bennett-guerrero,elliott bennett-guerrero,male,male,male
amirta,,benning,amirta benning,female,unknown,unknown
john,,benson,john benson,male,male,male
stephen,,bent,stephen bent,male,male,male
shirley,,beresford,shirley beresford,female,female,female
rolf,,berger,rolf berger,male,male,male
david,,bergqvist,david bergqvist,unknown,male,male
robert,,berkowitz,robert berkowitz,male,male,male
brian,,berman,brian berman,male,male,male
enrico,,bernardi,enrico bernardi,male,male,male
sasha,,bernatsky,sasha bernatsky,female,mostly_male,male
elizabeth,,bernstein, elizabeth bernstein,female,female,female
amy,,berrington de gonzález,amy berrington de gonzález,female,female,female
donald,,berry,donald berry,male,male,male
daniel,,bertges,daniel bertges,male,male,male
john,,beshai,john beshai,male,male,male
nita,,bhandari,nita bhandari,female,female,female
deepak,,bhatt,deepak bhatt,male,mostly_male,male
ami,,bhatt,ami bhatt,female,female,female
james,,biagi,james biagi,male,male,male
karl,,bilimoria,karl bilimoria,male,male,male
john,,billings,john billings,male,male,male
andrew,,bindman,andrew bindman,male,male,male
edmund,,bini,edmund bini,male,male,male
john,,birkmeyer,john birkmeyer,male,male,male
hans,,bisgaard,hans bisgaard,male,male,male
heike,,bischoff-ferrari,heike bischoff-ferrari,female,female,female
lena,,björck,lena björck,female,female,female
dennis,,black,dennis black,male,male,male
jan,,blankensteijn,jan blankensteijn,male,male,male
alessandro,,ble,alessandro ble,male,male,male
hannah,,blencowe,hannah blencowe,female,female,female
robert,,blendon,robert blendon,male,male,male
geoffrey,,block,geoffrey block,male,male,male
jeanet,,blom,jeanet blom,female,female,female
fiona,,turnbull,fiona turnbull,female,female,female
cinnamon,,bloss,cinnamon bloss,female,unknown,unknown
stijn,,blot,stijn blot,male,male,male
david,,bluemke,david bluemke,male,male,male
william,,boden,william boden,male,male,male
maaike,,de boer,maaike de boer,female,female,female
mike,,boggild,mike boggild,male,male,male
nancy,,ter bogt,nancy ter bogt,female,female,female
michael,,boland,michael boland,male,male,male
nienke,,bolk,nienke bolk,female,female,female
michel,,bolla,michel bolla,male,male,male
yvonne,,bombard,yvonne bombard,female,female,female
kaare,harald,bønaa,kaare harald bønaa,unknown,male,male
valérie,,bonadona,valérie bonadona,female,female,female
james,,bonner,james bonner,male,male,male
ronald,,booth,ronald booth,male,male,male
suresh,,boppana,suresh boppana,male,mostly_male,male
ann,,borzecki,ann borzecki,female,female,female
michael,,bosse,michael bosse,male,male,male
georg,,bosshard,georg bosshard,male,male,male
sophie,,bostock,sophie bostock,female,female,female
emmanuel,,bottieau,emmanuel bottieau,male,male,male
judy,,boughey,judy boughey,female,female,female
ebony,,boulware, ebony boulware,female,female,female
fabienne,,bourgeois,fabienne bourgeois,female,female,female
homer,,boushey,homer boushey,male,male,male
marie-germaine,,bousser,marie-germaine bousser,male,unknown,unknown
florent,,boutitie,florent boutitie,male,male,male
mark,,bower,mark bower,male,male,male
allison,,brashear,allison brashear,female,female,female
simona,,bratu,simona bratu,female,female,female
carmen,,brauer,carmen brauer,female,female,female
hermann,,brenner,hermann brenner,male,male,male
lizzy,,brewster,lizzy brewster,female,female,female
pierre-olivier,,bridevaux,pierre-olivier bridevaux,male,unknown,unknown
becky,,briesacher,becky briesacher,female,female,female
benno,,brinkhaus,benno brinkhaus,male,male,male
jesper,,brok,jesper brok,male,male,male
alan,,brookhart, alan brookhart,male,male,male
josiane,,broussard,josiane broussard,female,female,female
margaret,,brousseau,margaret brousseau,female,female,female
ingeborg,,brouwer,ingeborg brouwer,female,female,female
jeremy,,brown,jeremy brown,male,male,male
linda,,brubaker,linda brubaker,female,female,female
wendy,,bruening,wendy bruening,female,female,female
jasper,,brugts,jasper brugts,male,male,male
frank,,brunkhorst,frank brunkhorst,male,male,male
jennifer,,bryce,jennifer bryce,female,female,female
heiner,,bucher,heiner bucher,male,male,male
aron,,buchman,aron buchman,male,male,male
henry,,buchwald,henry buchwald,male,male,male
brian,,buijsse,brian buijsse,male,male,male
aumphornpun,,buavirat,aumphornpun buavirat,female,unknown,unknown
harry,,büller,harry büller,male,male,male
charles,,burant,charles burant,male,male,male
gerd,,burmester,gerd burmester,male,male,male
john,,burn,john burn,male,male,male
matthew,,burton,matthew burton,male,male,male
dale,,burwen,dale burwen,male,mostly_male,male
christopher,,butler,christopher butler,male,male,male
adeel,,butt,adeel butt,male,unknown,unknown
debra,,butt,debra butt,female,female,female
jim,,buttery,jim buttery,male,male,male
jill,,buyon,jill buyon,female,female,female
saundra,,buys,saundra buys,female,female,female
robert,,byrne,robert byrne,male,male,male
pietro,,caironi,pietro caironi,male,male,male
amy,,calabrese,amy calabrese,female,female,female
minal,,calışkan,minal calışkan,female,female,female
guy,,van camp,guy van camp,male,male,male
christopher,,cannon,christopher cannon,male,male,male
chris,,cardwell,chris cardwell,male,mostly_male,male
iain,,carey,iain carey,male,male,male
yehuda,,carmeli,yehuda carmeli,male,male,male
mercedes,,carnethon,mercedes carnethon,female,female,female
jordi,,carratalà,jordi carratalà,male,male,male
margaret,,carroll,margaret carroll,female,female,female
gregory,,carter,gregory carter,male,male,male
barry,,carter,barry carter,male,male,male
aleesa,,carter,aleesa carter,female,unknown,unknown
nicole,,casadevall,nicole casadevall,female,female,female
michael,,casaer,michael casaer,male,male,male
lawrence,,casalino,lawrence casalino,male,male,male
jackie,,cassell,jackie cassell,female,andy,andy
xavier,,castellsagué,xavier castellsagué,male,male,male
xavier,,castellanos, xavier castellanos,male,male,male
philip,,castle,philip castle,male,male,male
victor,,castro,victor castro,male,male,male
aaron,,caughey,aaron caughey,male,male,male
jane,,cauley,jane cauley,female,female,female
joanne,,cecil,joanne cecil,female,female,female
usha,,chakravarthy,usha chakravarthy,female,female,female
eliza,,chakravarty,eliza chakravarty,female,female,female
naga,,chalasani,naga chalasani,male,unknown,unknown
melanie,,chalder,melanie chalder,female,female,female
christina,,chambers,christina chambers,female,female,female
henry,lik-yuen,chan,henry lik-yuen chan,male,male,male
an-wen,,chan,an-wen chan,male,unknown,unknown
andrew,,chan,andrew chan,male,male,male
paul,,chan,paul chan,male,male,male
kit,yee,chan,kit yee chan,female,mostly_male,male
juliana,,chan,juliana chan,female,female,female
patricia,,chang,patricia chang,female,female,female
ranee,,chatterjee,ranee chatterjee,female,unknown,unknown
samena,,chaudhry,samena chaudhry,female,unknown,unknown
sarwat,,chaudhry,sarwat chaudhry,female,unknown,unknown
chi-ling,,chen,chi-ling chen,unknown,unknown,unknown
yu,,chen,yu chen,female,andy,andy
lena,,chen,lena chen,female,female,female
mark,,chen,mark chen,male,male,male
jin-shing,,chen,jin-shing chen,male,unknown,unknown
bao-quan,,cheng,bao-quan cheng,male,andy,andy
alexander,,chester,alexander chester,male,male,male
helen,,chew,helen chew,female,female,female
helen,,cheyne,helen cheyne,female,female,female
elizabeth,,chiao,elizabeth chiao,female,female,female
john,,childs,john childs,male,male,male
chor-sang,,chim,chor-sang chim,male,unknown,unknown
patrick,,chinnery,patrick chinnery,male,male,male
iacopo,,chiodini,iacopo chiodini,male,male,male
elaine,,chiquette,elaine chiquette,female,female,female
rowan,,chlebowski,rowan chlebowski,male,mostly_male,male
eunyoung,,cho,eunyoung cho,female,unknown,unknown
hyon,,choi,hyon choi,male,mostly_male,male
elaine,w-t,chong,elaine w-t chong,female,female,female
niteesh,,choudhry,niteesh choudhry,male,unknown,unknown
mahbub,elahi,chowdhury,mahbub elahi chowdhury,male,unknown,unknown
gerardo,,chowell,gerardo chowell,male,male,male
william,,christen,william christen,male,male,male
leslie,,christenson,leslie christenson,female,mostly_female,female
mei,,chung,mei chung,female,andy,andy
sheng-chia,,chung,sheng-chia chung,female,unknown,unknown
marco,,cicardi,marco cicardi,male,male,male
andrea,,cipriani,andrea cipriani,female,female,female
sebahattin,,cirak,sebahattin cirak,male,male,male
roberto,,civitelli,roberto civitelli,male,male,male
robert,,clarke,robert clarke,male,male,male
thomas,,clasen,thomas clasen,male,male,male
paul,,cleary,paul cleary,male,male,male
john,,cleland,john cleland,male,male,male
denis,,clement,denis clement,male,male,male
fiona,,clement,fiona clement,female,female,female
patrick,,clyde,patrick clyde,male,male,male
sven,,cnattingius,sven cnattingius,male,male,male
sarah,,cockayne,sarah cockayne,female,female,female
alexander,,cohen,alexander cohen,male,male,male
anna,,cohen,anna cohen,female,female,female
myron,,cohen,myron cohen,male,male,male
steven,,cohen,steven cohen,male,male,male
nananda,,col,nananda col,female,unknown,unknown
robert,,coleman,robert coleman,male,male,male
tracie,,collins,tracie collins,female,female,female
ian,,colman,ian colman,male,male,male
alain,,combes,alain combes,male,male,male
laura,,conklin,laura conklin,female,female,female
gary,,cook,gary cook,male,male,male
nancy,,cook,nancy cook,female,female,female
filip,,cools,filip cools,male,male,male
nicola,,cooper,nicola cooper,female,female,female
william,,cooper,william cooper,male,male,male
bruce,,cooper,bruce cooper,male,male,male
elizabeth,,corbett,elizabeth corbett,female,female,female
marilyn,,cornelis,marilyn cornelis,female,female,female
patricia,,cornish,patricia cornish,female,female,female
vicente,,corrales-medina,vicente corrales-medina,male,male,male
andrew,,correia,andrew correia,male,male,male
howard,,corwin,howard corwin,male,male,male
felicia,,cosman,felicia cosman,female,female,female
kate,,costeloe,kate costeloe,female,female,female
karen,,costenbader,karen costenbader,female,female,female
pierre,,côté,pierre côté,male,male,male
peter,,cotton,peter cotton,male,male,male
yaya,,coulibaly,yaya coulibaly,male,unknown,unknown
steven,,counsell,steven counsell,male,male,male
carol,,coupland,carol coupland,female,mostly_female,female
anita,,courcoulas,anita courcoulas,female,female,female
joanna,,cowell, joanna cowell,female,female,female
karen,,cowgill,karen cowgill,female,female,female
benjamin,,cowling,benjamin cowling,male,male,male
carolyn,,crandall,carolyn crandall,female,female,female
paul,,crane,paul crane,male,male,male
ian,,roberts,ian roberts,male,male,male
mike,,crawford,mike crawford,male,male,male
bronwyn,,crawford,bronwyn crawford,female,female,female
jenny,,cresswell,jenny cresswell,female,female,female
jennifer,,croswell,jennifer croswell,female,female,female
lia,,crotti,lia crotti,female,female,female
caroline,,crowther,caroline crowther,female,female,female
nancy,,crum-cianflone,nancy crum-cianflone,female,female,female
maria-teresa,,cuddihy,maria-teresa cuddihy,female,unknown,unknown
jennifer,,cummings,jennifer cummings,female,female,female
steven,,cummings,steven cummings,male,male,male
jeffrey,,cummings,jeffrey cummings,male,male,male
gary,,curhan,gary curhan,male,male,male
lesley,,curtis,lesley curtis,female,andy,andy
marcelo,,cypel,marcelo cypel,male,male,male
aaron,,cypess,aaron cypess,male,male,male
valérie,,d'acremont,valérie d'acremont,female,female,female
erika,,d'agata,erika d'agata,female,female,female
gilles,,dagenais,gilles dagenais,male,male,male
issa,,dahabreh,issa dahabreh,male,male,male
morten,,dahl,morten dahl,male,male,male
cher,,dallal,cher dallal,female,female,female
goodarz,,danaei,goodarz danaei,male,unknown,unknown
nick,,daneman,nick daneman,male,male,male
sandeep,,dave,sandeep dave,male,mostly_male,male
michael,,davidson,michael davidson,male,male,male
bruce,,davidson,bruce davidson,male,male,male
helen,,davies,helen davies,female,female,female
martha,,daviglus,martha daviglus,female,female,female
peter,,davis,peter davis,male,male,male
terry,,davis,terry davis,female,mostly_male,male
susan,,davis,susan davis,female,female,female
philip,,davis,philip davis,male,male,male
gustavo,,dayan,gustavo dayan,male,male,male
marieke,,de groot,marieke de groot,female,female,female
peter,,de leeuw,peter de leeuw,male,male,male
james,,de lemos,james de lemos,male,male,male
marcos,,de lima,marcos de lima,male,male,male
giuseppe,,de luca,giuseppe de luca,male,male,male
janne,,de ruyter,janne de ruyter,female,female,female
pernette,,de sauvage nolting,pernette de sauvage nolting,female,unknown,unknown
douglas,,decarolis,douglas decarolis,male,male,male
hervé,,decousus,hervé decousus,male,male,male
christopher,,defilippi,christopher defilippi,male,male,male
george,,demetri,george demetri,male,male,male
linda,,demma,linda demma,female,female,female
leslie,,dennis,leslie dennis,female,mostly_female,female
francesco,,dentali,francesco dentali,male,male,male
rajat,,deo,rajat deo,male,unknown,unknown
evelyn,,depoortere,evelyn depoortere,female,female,female
sanjay,,desai,sanjay desai,male,male,male
stephanie,,devaney,stephanie devaney,female,female,female
valérie,,devauchelle-pensec,valérie devauchelle-pensec,female,female,female
kent,,dezee,kent dezee,male,male,male
emanuele,,di angelantonio,emanuele di angelantonio,male,male,male
gian,luca,di tanna,gian luca di tanna,male,male,male
howard,,dickler,howard dickler,male,male,male
volker,,diehl,volker diehl,male,male,male
susan,,diem,susan diem,female,female,female
binh,an,diep,binh an diep,male,andy,andy
allen,,dietrich,allen dietrich,male,male,male
daniel,,dindo,daniel dindo,male,male,male
luc,,djoussé,luc djoussé,male,male,male
dorcas,,dobie,dorcas dobie,female,female,female
harald,,dobnig,harald dobnig,male,male,male
sara,,dolan,sara dolan,female,female,female
michael,,domanski,michael domanski,male,male,male
james,,donahue,james donahue,male,male,male
deborah,,donnell,deborah donnell,female,female,female
julie,,donohue,julie donohue,female,female,female
jacques,,donzé,jacques donzé,male,male,male
eddy,,van doorslaer,eddy van doorslaer,male,male,male
susan,,dorman,susan dorman,female,female,female
john,,dormandy,john dormandy,male,male,male
colin,,dormuth,colin dormuth,male,male,male
ian,,douglas,ian douglas,male,male,male
james,,douketis,james douketis,male,male,male
duska,,dragun,duska dragun,female,unknown,unknown
dimitri,,drekonja,dimitri drekonja,male,male,male
jane,,driver,jane driver,female,female,female
francis,,drobniewski,francis drobniewski,male,male,male
aloysius,,d'souza,aloysius d'souza,male,male,male
jean-michel,,dubernard,jean-michel dubernard,male,unknown,unknown
antoine,,duclos,antoine duclos,male,male,male
mark,,duffy,mark duffy,male,male,male
priya,,duggal,priya duggal,female,female,female
trevor,,duke,trevor duke,male,male,male
shannon,,dunlay,shannon dunlay,female,mostly_female,female
kieron,,dunleavy,kieron dunleavy,male,male,male
andrew,,dunn,andrew dunn,male,male,male
patricia,,cane,patricia cane,female,female,female
matthew,,dupre,matthew dupre,male,male,male
emanuele,,durante-mangoni,emanuele durante-mangoni,male,male,male
jane,,durga,jane durga,female,female,female
xavier,,duval,xavier duval,male,male,male
liselotte,,dyrbye,liselotte dyrbye,female,female,female
kim,,eagle,kim eagle,female,mostly_female,female
mary,,eapen,mary eapen,female,mostly_female,female
cara,,ebbeling,cara ebbeling,female,female,female
michael,,eber,michael eber,male,male,male
david,,eddy,david eddy,male,male,male
karen,,edmond,karen edmond,female,female,female
kathryn,,edwards,kathryn edwards,female,female,female
leonard,,egede,leonard egede,male,male,male
kazuo,,eguchi,kazuo eguchi,male,male,male
georg,,ehret,georg ehret,male,male,male
susan,,ehringhaus,susan ehringhaus,female,female,female
hartmut,,ehrlich,hartmut ehrlich,male,male,male
sabine,,eichinger,sabine eichinger,female,female,female
lisa,,einhorn,lisa einhorn,female,female,female
magnus,,ekström,magnus ekström,male,male,male
nabila,,el-bassel,nabila el-bassel,female,female,female
ismail,,el-hamamsy,ismail el-hamamsy,male,male,male
heather,,eliassen, heather eliassen,female,female,female
mitchell,,elkind,mitchell elkind,male,male,male
joseph,,elmunzer, joseph elmunzer,male,male,male
linda,,elting,linda elting,female,female,female
ezekiel,,emanuel,ezekiel emanuel,male,male,male
peter,,embi,peter embi,male,male,male
carolyn,,emery,carolyn emery,female,female,female
murat,,emre,murat emre,male,male,male
andreas,,engert,andreas engert,male,male,male
renata,,engler,renata engler,female,female,female
mike,,english,mike english,male,male,male
kristine,,ensrud,kristine ensrud,female,female,female
jonas,,eriksson,jonas eriksson,male,male,male
timo,,erkinjuntti,timo erkinjuntti,male,male,male
mark,,espeland,mark espeland,male,male,male
katherine,,esposito,katherine esposito,female,female,female
vidal,,essebag,vidal essebag,male,male,male
andrés,,esteban,andrés esteban,male,male,male
bruce,,ettinger,bruce ettinger,male,male,male
jason,,evans,jason evans,male,male,male
hazel,,everitt,hazel everitt,female,female,female
justin,,ezekowitz,justin ezekowitz,male,male,male
karl,,fagerström,karl fagerström,male,male,male
ann,,falsey,ann falsey,female,female,female
cheng,,fan,cheng fan,female,andy,andy
maryam,,farvid,maryam farvid,female,female,female
wildon,,farwell,wildon farwell,male,unknown,unknown
farshad,,farzadfar,farshad farzadfar,male,male,male
mina,,fazel,mina fazel,female,female,female
brian,,feagan,brian feagan,male,male,male
catherine,,féart,catherine féart,female,female,female
alex,,federman,alex federman,male,male,male
ted,,feldman,ted feldman,male,male,male
david,,felson,david felson,male,male,male
mark,,fendrick, mark fendrick,male,male,male
joshua,,fenton,joshua fenton,male,male,male
mark,,ferguson,mark ferguson,male,male,male
dean,,fergusson,dean fergusson,male,male,male
harm,,feringa,harm feringa,male,male,male
lia,,fernald,lia fernald,female,female,female
helen,,fernandez,helen fernandez,female,female,female
edouard,,ferrand,edouard ferrand,male,male,male
jeanne,,ferrante,jeanne ferrante,female,female,female
isabel,,ferreira,isabel ferreira,female,female,female
donna,,fick,donna fick,female,female,female
jean-noel,,fiessinger,jean-noel fiessinger,male,unknown,unknown
véronique,,filippi,véronique filippi,female,female,female
howard,,fink,howard fink,male,male,male
eric,,finkelstein,eric finkelstein,male,male,male
patrik,,finne,patrik finne,male,male,male
kirstin,,finning,kirstin finning,female,female,female
mariel,,finucane,mariel finucane,female,female,female
lorenz,,fischer,lorenz fischer,male,male,male
michael,,fischer,michael fischer,male,male,male
steven,,fishbane,steven fishbane,male,male,male
elliott,,fisher,elliott fisher,male,male,male
katherine,,flegal,katherine flegal,female,female,female
roy,,fleischmann,roy fleischmann,male,male,male
david,,flockhart,david flockhart,male,male,male
kathryn,,flynn,kathryn flynn,female,female,female
aaron,,folsom,aaron folsom,male,male,male
gregg,,fonarow,gregg fonarow,male,male,male
tamara,,fong,tamara fong,female,female,female
ian,,ford,ian ford,unknown,male,male
alexander,,ford,alexander ford,male,male,male
earl,,ford,earl ford,male,male,male
john,,forman,john forman,male,male,male
stephen,,fortmann,stephen fortmann,male,male,male
robert,,fowler,robert fowler,male,male,male
robbie,,foy,robbie foy,male,male,male
liana,,fraenkel,liana fraenkel,female,female,female
charles,,francis,charles francis,male,male,male
manuel,,franco,manuel franco,male,male,male
paul,,franks,paul franks,male,male,male
charles,,fraser,charles fraser,male,male,male
susan,,frayne,susan frayne,female,female,female
sarah,,frech,sarah frech,female,female,female
lisa,,fredman,lisa fredman,female,female,female
stephen,,freedman,stephen freedman,male,male,male
matthew,,freiberg,matthew freiberg,male,male,male
leif,,friberg,leif friberg,male,male,male
terri,,fried,terri fried,female,female,female
andreas,,fritsche,andreas fritsche,male,male,male
dominick,,frosch,dominick frosch,male,male,male
lars,,frost,lars frost,male,male,male
rongwei,,fu,rongwei fu,female,unknown,unknown
lorenzo,,fuccio,lorenzo fuccio,male,male,male
nina,,fudge,nina fudge,female,female,female
milford,,fulop,milford fulop,male,male,male
shahinaz,,gadalla,shahinaz gadalla,female,unknown,unknown
anat,,gafter-gvili,anat gafter-gvili,female,female,female
william,,gahl,william gahl,male,male,male
steven,,galetta,steven galetta,male,male,male
karin,,galil,karin galil,female,female,female
teresa,,gallagher,teresa gallagher,female,female,female
thomas,,gallagher,thomas gallagher,male,male,male
massimo,,galli,massimo galli,male,male,male
john,,gallin,john gallin,male,male,male
joseph,,gallo,joseph gallo,male,male,male
gunjan,,gandhi,gunjan gandhi,male,mostly_female,female
hai-nv,,gao,hai-nv gao,female,unknown,unknown
lourdes,,garcia-garcia,lourdes garcia-garcia,female,female,female
christopher,,gardner,christopher gardner,male,male,male
rebekah,,gardner,rebekah gardner,female,female,female
judith,,garrard,judith garrard,female,female,female
tiffany,,gary,tiffany gary,female,female,female
luigi,,gatta,luigi gatta,male,male,male
joan,,gavaldà,joan gavaldà,female,female,female
thomas,,geisbert,thomas geisbert,male,male,male
joel,,gelfand,joel gelfand,male,male,male
elvin,,geng,elvin geng,male,male,male
janneane,,gent,janneane gent,female,unknown,unknown
jeffrey,,gerber,jeffrey gerber,male,male,male
hertzel,,gerstein,hertzel gerstein,male,unknown,unknown
tara,bridget,giblin,tara bridget giblin,female,female,female
martine,,gilard,martine gilard,female,female,female
thomas,,gill,thomas gill,male,male,male
kirrin,,gill,kirrin gill,female,unknown,unknown
christopher,,gill,christopher gill,male,male,male
clare,,gillies,clare gillies,female,female,female
david,,gilligan,david gilligan,male,male,male
ian,,gilron,ian gilron,male,male,male
erik,,giltay,erik giltay,male,male,male
adit,,ginde,adit ginde,male,unknown,unknown
laura,,gitlin,laura gitlin,female,female,female
robert,,giugliano,robert giugliano,male,male,male
armando,,giuliano,armando giuliano,male,male,male
svein,,gjelstad,svein gjelstad,male,male,male
anna,,glasier,anna glasier,female,female,female
alexander,,glassman,alexander glassman,male,male,male
cathryn,,glazener,cathryn glazener,female,female,female
robert,,glynn,robert glynn,male,male,male
michael,,gnant,michael gnant,male,male,male
alan,,go,alan go,male,male,male
david,,goff,david goff,male,male,male
barbara,,goff,barbara goff,female,female,female
siddhartha,,gogia,siddhartha gogia,male,unknown,unknown
yoav,,golan,yoav golan,male,male,male
michael,,goldacre,michael goldacre,male,male,male
raphaela,,goldbach-mansky,raphaela goldbach-mansky,female,female,female
david,,golden,david golden,male,male,male
ilan,,goldenberg,ilan goldenberg,male,male,male
keith,,goldfeld,keith goldfeld,male,male,male
samuel,,goldhaber,samuel goldhaber,male,male,male
sue,,goldie,sue goldie,female,female,female
gregg,,goldin,gregg goldin,male,male,male
dana,,goldman,dana goldman,female,female,female
john,,goldman,john goldman,male,male,male
allan,,goldman,allan goldman,male,male,male
ralph,,gonzales,ralph gonzales,male,male,male
william,,goodson,william goodson,male,male,male
james,,goodwin,james goodwin,male,male,male
herman,,goossens,herman goossens,male,male,male
ravi,,gopal,ravi gopal,male,mostly_male,male
ram,,gordon,ram gordon,male,male,male
nicoletta,,gossger,nicoletta gossger,female,female,female
john,,gottdiener,john gottdiener,male,male,male
daniel,,gottlieb,daniel gottlieb,male,male,male
jeffrey,,gould,jeffrey gould,male,male,male
judith,,graat,judith graat,female,female,female
maud,,graff,maud graff,female,female,female
david,,grande,david grande,male,male,male
christopher,,granger,christopher granger,male,male,male
bradi,,granger,bradi granger,female,unknown,unknown
reuben,,granich,reuben granich,male,male,male
alison,,grant,alison grant,female,female,female
richard,,grant,richard grant,male,male,male
giulia,,greco,giulia greco,female,female,female
robert,,green,robert green,male,male,male
john,,green,john green,male,male,male
sheldon,,greenfield,sheldon greenfield,male,male,male
nancy,,greengold,nancy greengold,female,female,female
kurt,,greenlund,kurt greenlund,male,male,male
nancy,,greer,nancy greer,female,female,female
edward,,gregg,edward gregg,male,male,male
paul,,griffiths,paul griffiths,male,male,male
stefano,,grifoni,stefano grifoni,male,male,male
beatriz,,grinsztejn,beatriz grinsztejn,female,female,female
francine,,grodstein,francine grodstein,female,female,female
joshua,,groman,joshua groman,male,male,male
robert,,gross,robert gross,male,male,male
david,,grossman,david grossman,male,male,male
steven,,grover,steven grover,male,male,male
hajo,,grundmann,hajo grundmann,male,male,male
mary,,grzybowski,mary grzybowski,female,mostly_female,female
francisco,,guarner,francisco guarner,male,male,male
james,,guevara,james guevara,male,male,male
hitinder,,gurm,hitinder gurm,male,unknown,unknown
paul,,haber,paul haber,male,male,male
knut,,hagen,knut hagen,male,male,male
tyson,,hagen,tyson hagen,male,male,male
moti,,haim,moti haim,male,male,male
andy,,haines,andy haines,male,male,male
peter,,hajek,peter hajek,male,male,male
chanita,hughes,halbert,chanita hughes halbert,female,unknown,unknown
aron,,hall,aron hall,male,male,male
stein,,hallan,stein hallan,male,male,male
carmel,,halley,carmel halley,female,male,male
alison,,halliday,alison halliday,female,female,female
al,,hallstrom,al hallstrom,male,male,male
jari,,halonen,jari halonen,male,male,male
peder,,halvorsen,peder halvorsen,male,male,male
mark,,hamer,mark hamer,male,male,male
elizabeth,,haney,elizabeth haney,female,female,female
mary,,hannah,mary hannah,female,mostly_female,female
edward,,hannan,edward hannan,male,male,male
marisa,,hanney,marisa hanney,female,female,female
anna,,hansell,anna hansell,female,female,female
karen,,hansen,karen hansen,female,female,female
luke,,hansen,luke hansen,male,male,male
tanzina,,haque,tanzina haque,female,unknown,unknown
rebecca,,hardy,rebecca hardy,female,female,female
robert,,harrington,robert harrington,male,male,male
jeffrey,,harris,jeffrey harris,male,male,male
robert,,hart,robert hart,male,male,male
lisa,,hartling,lisa hartling,female,female,female
philip,,hashkes,philip hashkes,male,male,male
ziv,,haskal,ziv haskal,male,male,male
romana,,hasnain-wynia,romana hasnain-wynia,female,female,female
maija,,hassinen,maija hassinen,female,female,female
stephen,,hauser,stephen hauser,male,male,male
mary,,hawn,mary hawn,female,mostly_female,female
tomoshige,,hayashi,tomoshige hayashi,male,unknown,unknown
edward,,hayes,edward hayes,male,male,male
daniel,,hayes,daniel hayes,male,male,male
julia,,hayes,julia hayes,female,female,female
feng,,he,feng he,male,andy,andy
jenny,,head,jenny head,female,female,female
rory,,collins,rory collins,female,male,male
robert,,hecht,robert hecht,male,male,male
susan,,heckbert,susan heckbert,female,female,female
michelle,,hecker,michelle hecker,female,female,female
jan,,heeringa,jan heeringa,male,male,male
asefeh,,heiat,asefeh heiat,female,unknown,unknown
robert,,heine,robert heine,male,male,male
michele,,heisler,michele heisler,female,female,female
harry,,hemingway,harry hemingway,male,male,male
marleen,,hendriks,marleen hendriks,female,female,female
carl,,heneghan,carl heneghan,male,male,male
claudia,,henschke,claudia henschke,female,female,female
matthew,,hepburn,matthew hepburn,male,male,male
raoul,,herbrecht,raoul herbrecht,male,male,male
jane,,herlihy,jane herlihy,female,female,female
luke,,hermann,luke hermann,male,male,male
barbara,,herwaldt,barbara herwaldt,female,female,female
eva,,herweijer,eva herweijer,female,female,female
stanley,,heshka,stanley heshka,male,male,male
bradford,,hesse,bradford hesse,male,male,male
vera,,heydendael,vera heydendael,female,female,female
gerald,,hickson,gerald hickson,male,male,male
levita,,hidayat,levita hidayat,female,female,female
takahiro,,higashi,takahiro higashi,male,male,male
jonathan,,hill,jonathan hill,male,male,male
kenneth,,hill,kenneth hill,male,male,male
kevin,,hill,kevin hill,male,male,male
sarah,,hilmer,sarah hilmer,female,female,female
daniel,,hind,daniel hind,male,male,male
alan,,hinderliter,alan hinderliter,male,male,male
gideon,,hirschfield,gideon hirschfield,male,male,male
harriet,,hiscock,harriet hiscock,female,female,female
anders,,hjern,anders hjern,male,male,male
alan,,ho,alan ho,male,male,male
michael,,ho, michael ho,male,male,male
susan,,hocevar,susan hocevar,female,female,female
pat,,hoddinott,pat hoddinott,male,andy,andy
mary,,hoelscher,mary hoelscher,female,mostly_female,female
kerstin,,hogg,kerstin hogg,female,female,female
stefan,,hohnloser,stefan hohnloser,male,male,male
anne,,holbrook,anne holbrook,female,female,female
hallvard,,holdaas,hallvard holdaas,male,male,male
priscilla,,hollander,priscilla hollander,female,female,female
rury,,holman,rury holman,male,unknown,unknown
william,,holmes,william holmes,male,male,male
michael,,holmes,michael holmes,male,male,male
jon-erik,,holty,jon-erik holty,male,unknown,unknown
honest,,honest,honest honest,unknown,unknown,unknown
eva,,lonn,eva lonn,female,female,female
karl,,horvath,karl horvath,male,male,male
david,,hostler,david hostler,male,male,male
matthew,,hotopf,matthew hotopf,male,male,male
sherilyn,,houle,sherilyn houle,female,female,female
barbara,,howard,barbara howard,female,female,female
philippa,,howden-chapman,philippa howden-chapman,female,female,female
amanda,,howerton,amanda howerton,female,female,female
kenneth,,holroyd,kenneth holroyd,male,male,male
marilyn,,hravnak,marilyn hravnak,female,female,female
matthew,,hsieh,matthew hsieh,male,male,male
chi-yuan,,hsu,chi-yuan hsu,male,unknown,unknown
frank,,hu,frank hu,male,male,male
gang,,hu,gang hu,male,andy,andy
jim,,hu,jim hu,male,male,male
alison,,huang,alison huang,female,female,female
susan,,huang,susan huang,female,female,female
elbert,,huang,elbert huang,male,male,male
rebecca,,hubbard,rebecca hubbard,female,female,female
melissa,,hudson,melissa hudson,female,female,female
jeff,,huffman,jeff huffman,male,male,male
tim,,hughes,tim hughes,male,male,male
richard,,hughes,richard hughes,male,male,male
anja,,huizink,anja huizink,female,female,female
michael,,hummel,michael hummel,male,male,male
linda,,humphrey,linda humphrey,female,female,female
chien-ching,,hung,chien-ching hung,male,unknown,unknown
brian,,hurley,brian hurley,male,male,male
charles,,huskins, charles huskins,male,male,male
gero,,hütter,gero hütter,male,male,male
rachel,,huxley,rachel huxley,female,female,female
frederik,,hvid-jensen,frederik hvid-jensen,male,male,male
anders,,hviid,anders hviid,male,male,male
emily,,hyle,emily hyle,female,female,female
luisa,,ibáñez,luisa ibáñez,female,female,female
masayuki,,ikeda,masayuki ikeda,male,male,male
judy,,illes,judy illes,female,female,female
thomas,,imperiale,thomas imperiale,male,male,male
lawrence,,impey,lawrence impey,male,male,male
sharon,,inouye,sharon inouye,female,female,female
marco,,inzitari,marco inzitari,male,male,male
brian,,isetts,brian isetts,male,male,male
farhad,,islami,farhad islami,male,male,male
hiroyasu,,iso,hiroyasu iso,unknown,male,male
andrew,,jackson,andrew jackson,male,male,male
eric,,jacobs,eric jacobs,male,male,male
poul,harboe,jacobsen,poul harboe jacobsen,male,male,male
steven,,jacobsen,steven jacobsen,male,male,male
vanessa,,jacoby,vanessa jacoby,female,female,female
tazeen,,jafar,tazeen jafar,female,unknown,unknown
nadim,,jafri,nadim jafri,male,male,male
haseeb,,jafri,haseeb jafri,male,male,male
reshma,,jagsi,reshma jagsi,female,female,female
rajiv,,jain,rajiv jain,male,male,male
mrudula,,jakkula,mrudula jakkula,female,unknown,unknown
sophie,,jamal,sophie jamal,female,female,female
matthew,,james,matthew james,male,male,male
catriona,,jamieson,catriona jamieson,female,female,female
konrad,,jamrozik,konrad jamrozik,male,male,male
karin,,janata,karin janata,female,female,female
marijke,,jansen-van der weide,marijke jansen-van der weide,female,female,female
james,,jarrett,james jarrett,male,male,male
robert,,jasmer,robert jasmer,male,male,male
sun,ha,jee,sun ha jee,male,andy,andy
barbara,,jefferis,barbara jefferis,female,female,female
tom,,jefferson,tom jefferson,male,male,male
petra,,jellema,petra jellema,female,female,female
timothy,,jenkins,timothy jenkins,male,male,male
donald,,jensen,donald jensen,male,male,male
janneke,,jentink,janneke jentink,female,female,female
peter,,jepsen,peter jepsen,male,male,male
anthony,,jerant,anthony jerant,male,male,male
junfang,,ji,junfang ji,female,unknown,unknown
rui,,jiang,rui jiang,unknown,male,male
li,,jiao,li jiao,unknown,andy,andy
bernd,,jilma,bernd jilma,male,male,male
david,,jiménez,david jiménez,male,male,male
mark,,jit,mark jit,male,male,male
jan-erik,,johansson,jan-erik johansson,male,unknown,unknown
kari,,johansson,kari johansson,female,female,female
bankole,,johnson,bankole johnson,male,unknown,unknown
kirsten,,johnson,kirsten johnson,female,female,female
claiborne,,johnston, claiborne johnston,male,unknown,unknown
sebastian,,johnston,sebastian johnston,male,male,male
bradley,,johnston,bradley johnston,male,male,male
pascal,,joly,pascal joly,male,male,male
daniel,,jones,daniel jones,male,male,male
edgar,,jones,edgar jones,male,male,male
ian,,jones,ian jones,male,male,male
hendrée,,jones,hendrée jones,female,unknown,unknown
christine,,jones,christine jones,female,female,female
philip,,jong,philip jong,male,male,male
tisha,,joy,tisha joy,female,female,female
geoffrey,,joyce,geoffrey joyce,male,male,male
karen,,joynt,karen joynt,female,female,female
philipp,,jungebluth,philipp jungebluth,male,male,male
jessie,,juusola,jessie juusola,female,female,female
peter,,kaboli,peter kaboli,male,male,male
guillaume,,kac,guillaume kac,male,male,male
allen,,kachalia,allen kachalia,male,male,male
nina,,kadan-lottick,nina kadan-lottick,female,female,female
hanna,,kaduszkiewicz,hanna kaduszkiewicz,female,female,female
nadya,,kagansky,nadya kagansky,female,female,female
alexander,,kainz,alexander kainz,male,male,male
christoph,,kaiser,christoph kaiser,male,male,male
andre,,kalil,andre kalil,male,male,male
alexander,,kallen,alexander kallen,male,male,male
pia,,kamstrup,pia kamstrup,female,female,female
alka,,kanaya,alka kanaya,female,female,female
young,ae,kang,young ae kang,female,mostly_female,female
jae,hee,kang,jae hee kang,female,andy,andy
liew,woei,kang,liew woei kang,male,unknown,unknown
shreya,,kangovi,shreya kangovi,female,female,female
susan,,kansagra,susan kansagra,female,female,female
fasiha,,kanwal,fasiha kanwal,female,unknown,unknown
joel,,karlinsky,joel karlinsky,male,male,male
harin,,karunajeewa,harin karunajeewa,male,unknown,unknown
stuart,,kassan,stuart kassan,male,male,male
adnan,,kastrati,adnan kastrati,male,male,male
kenji,,kato,kenji kato,male,male,male
padma,,kaul,padma kaul,female,female,female
rainu,,kaushal,rainu kaushal,female,unknown,unknown
maryam,,kavousi,maryam kavousi,female,female,female
jennifer,,kawwass,jennifer kawwass,female,female,female
kassoum,,kayentao,kassoum kayentao,male,unknown,unknown
sophia,,kazakova,sophia kazakova,female,female,female
dhruv,,kazi,dhruv kazi,male,unknown,unknown
clive,,kearon,clive kearon,male,male,male
florence,,keime-guibert,florence keime-guibert,female,female,female
amy,,kelley,amy kelley,female,female,female
john,,kellum,john kellum,male,male,male
aine,,kelly,aine kelly,female,mostly_female,female
catherine,,kelly,catherine kelly,female,female,female
alison,,kemp,alison kemp,female,female,female
adrian,,kendal,adrian kendal,male,male,male
friederike,,kendel,friederike kendel,female,female,female
tara,,kennedy,tara kennedy,female,female,female
lisa,,kenney,lisa kenney,female,female,female
chris,,kenyon,chris kenyon,male,mostly_male,male
kate,,kerber,kate kerber,female,female,female
price,,kerfoot, price kerfoot,male,male,male
karla,,kerlikowske,karla kerlikowske,female,female,female
eve,,kerr,eve kerr,female,female,female
miklos,,kertai,miklos kertai,male,unknown,unknown
aaron,,kesselheim,aaron kesselheim,male,male,male
mishal,sameer,khan,mishal sameer khan,female,unknown,unknown
nayer,,khazeni,nayer khazeni,female,unknown,unknown
kamlesh,,khunti,kamlesh khunti,male,mostly_female,female
gary,,kiebzak,gary kiebzak,male,male,male
helen,,killaspy,helen killaspy,female,female,female
hae,jin,kim,hae jin kim,female,andy,andy
jane,,kim,jane kim,female,female,female
michelle,,kim,michelle kim,female,female,female
caroline,,kim,caroline kim,female,female,female
alexa,,kimball,alexa kimball,female,female,female
stephen,,kimmel,stephen kimmel,male,male,male
nicholas,,king,nicholas king,male,male,male
paul,,kinnersley,paul kinnersley,male,male,male
sanjay,,kinra,sanjay kinra,male,male,male
ole,,kirk,ole kirk,male,male,male
christine,,kistler,christine kistler,female,female,female
brian,,kit,brian kit,male,male,male
mika,,kivimäki,mika kivimäki,male,male,male
eric,,klein,eric klein,male,male,male
leah,,kleinman,leah kleinman,female,female,female
frank,,kolodgie,frank kolodgie,unknown,male,male
frederikus,,klok,frederikus klok,male,male,male
karen,,kmetik,karen kmetik,female,female,female
christine,,knottenbelt,christine knottenbelt,female,female,female
kerry,,knox,kerry knox,female,mostly_female,female
sarah,,knox,sarah knox,female,female,female
nils,,knudsen,nils knudsen,male,male,male
cynthia,,ko,cynthia ko,female,female,female
dennis,,ko,dennis ko,male,male,male
fang,,ko,fang ko,female,andy,andy
brandon,,kohrt,brandon kohrt,unknown,male,male
gittan,,kollberg,gittan kollberg,female,female,female
stavros,,konstantinides,stavros konstantinides,male,male,male
michael,,koren,michael koren,male,male,male
john,,koreth,john koreth,male,male,male
claudio,,köser,claudio köser,male,male,male
mikhail,,kosiborod,mikhail kosiborod,male,male,male
csaba,,kovesdy,csaba kovesdy,unknown,male,male
ai,,koyanagi,ai koyanagi,female,female,female
roderik,,kraaijenhagen,roderik kraaijenhagen,male,male,male
judith,,kramer,judith kramer,female,female,female
joel,,kremer,joel kremer,male,male,male
rajesh,,krishna,rajesh krishna,male,male,male
eswar,,krishnan,eswar krishnan,male,unknown,unknown
levente,,kriston,levente kriston,male,male,male
stephen,,kritchevsky,stephen kritchevsky,male,male,male
axel,,kroeger,axel kroeger,male,male,male
gerald,,krueger,gerald krueger,male,male,male
utz,,krug,utz krug,male,male,male
marieke,,kruip,marieke kruip,female,female,female
henry,,krum,henry krum,male,male,male
samuel,,krumholz,samuel krumholz,male,male,male
abhijit,,kshirsagar,abhijit kshirsagar,male,unknown,unknown
leighton,,ku,leighton ku,female,male,male
nils,,kucher,nils kucher,male,male,male
lauren,,kucirka,lauren kucirka,female,mostly_female,female
felicitas,,kuehne,felicitas kuehne,female,female,female
christiane,,kuhl,christiane kuhl,female,female,female
todd,,kuiken,todd kuiken,male,male,male
shalini,,kulasingam,shalini kulasingam,female,female,female
shiriki,,kumanyika,shiriki kumanyika,female,unknown,unknown
rajesh,,kumar,rajesh kumar,male,male,male
geeta,trilok,kumar,geeta trilok kumar,female,female,female
tobias,,kurth,tobias kurth,male,male,male
janaki,,kuruppu,janaki kuruppu,female,male,male
ifedayo,,kuye,ifedayo kuye,male,unknown,unknown
elisabeth,,kvaavik,elisabeth kvaavik,female,female,female
marina,,kvaskoff,marina kvaskoff,female,female,female
kenneth,,labresh,kenneth labresh,male,male,male
clifton,,lacy,clifton lacy,male,male,male
tara,,lagu,tara lagu,female,female,female
loren,,laine,loren laine,male,mostly_male,male
susan,,lakoski,susan lakoski,female,female,female
jameson,,lam,jameson lam,male,male,male
hon-ming,,lam,hon-ming lam,male,unknown,unknown
gervasio,,lamas,gervasio lamas,male,male,male
ola,,landgren,ola landgren,male,male,male
francesco,,landi,francesco landi,male,male,male
bruce,,landon,bruce landon,male,male,male
karl,,landorf,karl landorf,male,male,male
nancy,,lane,nancy lane,female,female,female
leslie,,lange,leslie lange,female,mostly_female,female
robert,,langer,robert langer,male,male,male
nancy,,lapointe,nancy lapointe,female,female,female
thérèse,,lapperre,thérèse lapperre,female,female,female
claus,,larsen,claus larsen,male,male,male
susanna,,larsson,susanna larsson,female,female,female
james,,lau,james lau,male,male,male
michael,,lauer,michael lauer,male,male,male
jari,,laukkanen,jari laukkanen,male,male,male
bernard,,laumon,bernard laumon,male,male,male
odile,,launay,odile launay,female,female,female
eric,,lawitz,eric lawitz,male,male,male
debbie,,lawlor,debbie lawlor,female,female,female
geoff,,lawrenson,geoff lawrenson,male,male,male
john,,lazarus,john lazarus,unknown,male,male
janice,,lea,janice lea,female,female,female
frank,,lederle,frank lederle,male,male,male
jonathan,,ledermann,jonathan ledermann,male,male,male
patrick,,lee,patrick lee,male,male,male
kaeng,,lee,kaeng lee,male,unknown,unknown
janet,,lee,janet lee,female,female,female
chuanfang,,lee,chuanfang lee,male,unknown,unknown
grace,,lee,grace lee,female,female,female
chong-do,,lee,chong-do lee,female,unknown,unknown
ingi,,lee,ingi lee,male,male,male
todd,,lee,todd lee,male,male,male
meng,,lee,meng lee,male,andy,andy
vernon,,lee,vernon lee,male,male,male
june-koo,,lee,june-koo lee,female,unknown,unknown
daniel,,leffler,daniel leffler,male,male,male
richard,,legro,richard legro,male,male,male
ginger,,lehrman,ginger lehrman,female,female,female
paul,,leigh, paul leigh,male,male,male
maarit,,leinonen,maarit leinonen,female,female,female
michael,,leitzmann,michael leitzmann,male,male,male
rozenn,,lemaitre,rozenn lemaitre,female,female,female
anthony,,lembo,anthony lembo,male,male,male
vanda,,lennon,vanda lennon,female,female,female
ralph,,leonard,ralph leonard,male,male,male
stephanie,,leong,stephanie leong,female,female,female
william,,leslie,william leslie,male,male,male
ka,lau,leung,ka lau leung,male,andy,andy
chi,,leung,chi leung,male,andy,andy
alexander,,leung,alexander leung,male,male,male
andrew,,levey,andrew levey,male,male,male
zohar,,levi,zohar levi,male,male,male
theodore,,levin,theodore levin,male,male,male
alexandra,,levine,alexandra levine,female,female,female
richard,,levine,richard levine,male,male,male
stewart,,levine,stewart levine,unknown,male,male
silvina,,levis,silvina levis,female,female,female
emily,,levitan,emily levitan,female,female,female
harvey,,levy,harvey levy,male,male,male
james,,lewis,james lewis,male,male,male
bruce,,lewis,bruce lewis,male,male,male
de-kun,,li,de-kun li,male,andy,andy
fuzhong,,li,fuzhong li,male,unknown,unknown
ming-hua,,li,ming-hua li,female,andy,andy
shanshan,,li,shanshan li,female,unknown,unknown
wen-qing,,li,wen-qing li,female,andy,andy
øjvind,,lidegaard,øjvind lidegaard,male,male,male
david,,lieberman,david lieberman,male,male,male
christian,,lienhardt,christian lienhardt,male,male,male
gerald,,liew,gerald liew,male,male,male
donald,,likosky,donald likosky,male,male,male
weonjeong,,lim,weonjeong lim,male,unknown,unknown
stephen,,lim,stephen lim,male,male,male
jin-ching,,lin,jin-ching lin,male,unknown,unknown
otto,,lin,otto lin,male,male,male
grace,,lin,grace lin,female,female,female
frank,,lin,frank lin,male,male,male
michael,,lincoff, michael lincoff,male,male,male
jeffrey,,linder,jeffrey linder,male,male,male
walter,,ling,walter ling,male,male,male
agnès,,linglart,agnès linglart,female,female,female
rosa,,liperoti,rosa liperoti,female,female,female
lorraine,,lipscombe,lorraine lipscombe,female,female,female
alan,,list,alan list,male,male,male
harold,,litt,harold litt,male,male,male
susan,,little,susan little,female,female,female
paul,,little,paul little,male,male,male
jien-wei,,liu,jien-wei liu,unknown,unknown,unknown
simin,,liu,simin liu,male,female,female
li,,liu,li liu,female,andy,andy
shan,,liu,shan liu,male,andy,andy
jian-meng,,liu,jian-meng liu,male,unknown,unknown
mari,,lloyd-williams,mari lloyd-williams,female,female,female
shahin,,lockman,shahin lockman,female,male,male
mark,,loeb,mark loeb,male,male,male
laura,,loertscher,laura loertscher,female,female,female
aaron,,logan,aaron logan,male,male,male
yoon,kong,loke,yoon kong loke,male,andy,andy
nicholas,,loman,nicholas loman,male,male,male
elisa,,long,elisa long,female,female,female
daniel,,longo,daniel longo,male,male,male
russell,,lonser,russell lonser,male,male,male
vivian,,loo,vivian loo,female,female,female
lenny,,lópez,lenny lópez,male,male,male
esther,,lopez-garcia,esther lopez-garcia,female,female,female
michel,,de lorgeril,michel de lorgeril,male,male,male
elena,,losina,elena losina,female,female,female
claudia,,lucchinetti,claudia lucchinetti,female,female,female
jean-christophe,,lucet,jean-christophe lucet,male,unknown,unknown
ciro,,luise,ciro luise,male,male,male
thomas,,luke,thomas luke,male,male,male
anne,,lusk,anne lusk,female,female,female
katherine,,luzuriaga,katherine luzuriaga,female,female,female
kathleen,,ly,kathleen ly,female,female,female
henry,,lynch,henry lynch,male,male,male
outi,,lyytikäinen,outi lyytikäinen,female,female,female
jun,,ma,jun ma,unknown,mostly_male,male
christine,,macarthur,christine macarthur,female,female,female
paolo,,macchiarini,paolo macchiarini,male,male,male
gary,,macfarlane,gary macfarlane,male,male,male
robert,,maclaren,robert maclaren,male,male,male
thomas,,maddox,thomas maddox,male,male,male
james,,madison,james madison,male,male,male
paula,,bolton-maggs,paula bolton-maggs,female,female,female
kenneth,,mahaffey,kenneth mahaffey,male,male,male
lourdes,,mahilum-tapay,lourdes mahilum-tapay,female,female,female
sumit,,majumdar,sumit majumdar,male,male,male
keijo,,mäkelä,keijo mäkelä,male,male,male
surbhi,,malhotra-kumar,surbhi malhotra-kumar,female,unknown,unknown
susmita,,mallik,susmita mallik,female,female,female
christian,,mallen,christian mallen,male,male,male
françois,,maltais,françois maltais,male,male,male
muhammad,,mamdani,muhammad mamdani,male,male,male
semira,,manaseki-holland,semira manaseki-holland,female,female,female
marilyn,,manco-johnson,marilyn manco-johnson,female,female,female
carol,,mancuso,carol mancuso,female,mostly_female,female
rita,,mangione-smith,rita mangione-smith,female,female,female
eric,,manheimer,eric manheimer,male,male,male
brett,,manley,brett manley,male,male,male
goya,,wannamethee, goya wannamethee,male,unknown,unknown
david,,mannino,david mannino,male,male,male
jonathan,,mant,jonathan mant,male,male,male
paolo,,manzoni,paolo manzoni,male,male,male
demetrius,,maraganore,demetrius maraganore,male,male,male
patrick,,marcellin,patrick marcellin,male,male,male
herbert,,marini,herbert marini,male,male,male
john,,maris,john maris,male,male,male
howard,,markel,howard markel,male,male,male
david,,maron,david maron,male,male,male
john,,marsden,john marsden,male,male,male
daniel,,martin,daniel martin,male,male,male
brook,,martin,brook martin,female,mostly_female,female
ida,,martinelli,ida martinelli,female,female,female
fernando,,martinez,fernando martinez,male,male,male
carlos,,martinez,carlos martinez,male,male,male
maría,elena,martínez,maría elena martínez,female,mostly_female,female
miguel-angel,,martínez-garcía,miguel-angel martínez-garcía,male,unknown,unknown
cesário,,martins,cesário martins,male,male,male
leo,,martis,leo martis,male,male,male
honorati,,masanja,honorati masanja,male,unknown,unknown
edoardo,,masset,edoardo masset,male,male,male
philip,,masters,philip masters,male,male,male
shlomo,,matetzky,shlomo matetzky,male,male,male
joseph,,mathew,joseph mathew,male,male,male
erin,,mathieu,erin mathieu,female,mostly_female,female
dan,,matlock,dan matlock,male,male,male
ilan,,matok,ilan matok,male,male,male
melissa,,mattison,melissa mattison,female,female,female
emma,,maund,emma maund,female,female,female
saverio,,maviglia,saverio maviglia,male,male,male
donna,,maziak,donna maziak,female,female,female
kathleen,,mazor,kathleen mazor,female,female,female
tim,,mcafee,tim mcafee,male,male,male
anne,,mccaffrey,anne mccaffrey,female,female,female
michael,,mcclung,michael mcclung,male,male,male
jeffrey,,mccombs,jeffrey mccombs,male,male,male
john,,mcconnell, john mcconnell,male,male,male
jane,,mccusker,jane mccusker,female,female,female
susan,,mcdaniel,susan mcdaniel,female,female,female
mary,mcgrae,mcdermott,mary mcgrae mcdermott,female,mostly_female,female
clifford,,mcdonald, clifford mcdonald,male,male,male
miles,,mcfall,miles mcfall,male,male,male
john,,mchutchison,john mchutchison,male,male,male
lauralyn,,mcintyre,lauralyn mcintyre,female,unknown,unknown
alex,,mcmahan, alex mcmahan,male,male,male
gearoid,,mcmahon,gearoid mcmahon,male,unknown,unknown
malcolm,,mctaggart,malcolm mctaggart,male,male,male
kathleen,,mctigue,kathleen mctigue,female,female,female
michael,,mcwilliams, michael mcwilliams,male,male,male
lillian,,meacham,lillian meacham,female,female,female
jennifer,,meddings,jennifer meddings,female,female,female
reena,,mehra,reena mehra,female,female,female
ateev,,mehrotra,ateev mehrotra,male,unknown,unknown
rajendra,,mehta,rajendra mehta,male,male,male
shamir,,mehta,shamir mehta,male,male,male
christian,,meier,christian meier,male,male,male
raphael,,meier,raphael meier,male,male,male
arnoud,,meijer, arnoud meijer,male,male,male
sabine,,meijvis,sabine meijvis,female,female,female
paul,,meis,paul meis,male,male,male
michal,,melamed,michal melamed,male,male,male
jan,,menne,jan menne,male,male,male
laura,,ment,laura ment,female,female,female
daniel,,menzies,daniel menzies,male,male,male
peter,,merkel,peter merkel,male,male,male
alan,,merry,alan merry,male,male,male
djamel,,messaad,djamel messaad,male,male,male
franz,,messerli,franz messerli,male,male,male
joshua,,metlay,joshua metlay,male,male,male
guy,,meyer,guy meyer,male,male,male
jeffrey,,meyerhardt,jeffrey meyerhardt,male,male,male
christian,,meyhoff,christian meyhoff,male,male,male
karin,,michels,karin michels,female,female,female
matthew,,miller,matthew miller,male,male,male
gregorio,,millett,gregorio millett,male,male,male
edward,,mills,edward mills,male,male,male
nicholas,,mills,nicholas mills,male,male,male
olivier,,mimoz,olivier mimoz,male,male,male
caroline,,minassian,caroline minassian,female,female,female
catherine,,minto,catherine minto,female,female,female
roberto,,minutolo,roberto minutolo,male,male,male
anita,,mistry,anita mistry,female,female,female
susan,,mitchell,susan mitchell,female,female,female
panagiota,,mitrou,panagiota mitrou,female,female,female
rebekah,,moehring,rebekah moehring,female,female,female
emile,,mohler,emile mohler,male,male,male
charlotte,,mollerup,charlotte mollerup,female,female,female
michael,,monroe,michael monroe,male,male,male
julio,,montaner,julio montaner,male,male,male
dennis,,mook-kanamori,dennis mook-kanamori,male,male,male
laurence,,moore,laurence moore,male,female,female
david,,moore,david moore,male,male,male
carlton,,moore,carlton moore,male,male,male
tamanna,,moore,tamanna moore,female,unknown,unknown
christopher,,moore,christopher moore,male,male,male
john,,morgan,john morgan,male,male,male
steven,,morgan,steven morgan,male,male,male
thomas,,morgan,thomas morgan,male,male,male
gareth,,morgan,gareth morgan,male,male,male
douglas,,morgan,douglas morgan,male,male,male
colin,,morley,colin morley,male,male,male
susan,,morpeth,susan morpeth,female,female,female
sheldon,,morris,sheldon morris,male,male,male
elizabeth,,morrison,elizabeth morrison,female,female,female
sean,,morrison, sean morrison,male,male,male
anthony,,morrison,anthony morrison,male,male,male
david,,morrow,david morrow,male,male,male
monica,,morrow,monica morrow,female,female,female
donald,,morton,donald morton,male,male,male
sue,,moss,sue moss,female,female,female
arthur,,moss,arthur moss,male,male,male
william,,mostertz,william mostertz,male,male,male
robert,,motzer,robert motzer,male,male,male
steven,,mou,steven mou,male,male,male
ronelle,,mouton,ronelle mouton,female,unknown,unknown
kris,,movig,kris movig,male,mostly_male,male
dariush,,mozaffarian,dariush mozaffarian,male,male,male
kenneth,,mukamal,kenneth mukamal,male,male,male
brian,,mulhall,brian mulhall,male,male,male
matthew,,muller,matthew muller,male,male,male
falk,,müller-riemenschneider,falk müller-riemenschneider,male,male,male
paul,,muntner,paul muntner,male,male,male
michael,,murray,michael murray,male,male,male
vivek,,murthy,vivek murthy,male,male,male
dominique,,musset,dominique musset,female,andy,andy
bisher,,mustafa,bisher mustafa,male,unknown,unknown
abimereki,,muzaale,abimereki muzaale,male,unknown,unknown
martin,,myers,martin myers,male,male,male
pauline,,mysliwiec,pauline mysliwiec,female,female,female
jean,,nachega,jean nachega,male,male,male
jeff,,nagge,jeff nagge,male,male,male
timothy,,naimi,timothy naimi,male,male,male
devi,,nampiaparampil,devi nampiaparampil,male,female,female
prabath,,nanayakkara,prabath nanayakkara,male,unknown,unknown
brian,,nankivell,brian nankivell,male,male,male
sonali,,narain,sonali narain,female,female,female
craig,,narins,craig narins,male,male,male
sundar,,natarajan,sundar natarajan,male,unknown,unknown
ann,marie,navar-boggan,ann marie navar-boggan,female,female,female
eliano,,navarese,eliano navarese,male,male,male
tim,,nawrot,tim nawrot,male,male,male
chima,,ndumele,chima ndumele,male,unknown,unknown
daniel,,nebert,daniel nebert,male,male,male
larissa,,nekhlyudov,larissa nekhlyudov,female,female,female
karin,,nelson,karin nelson,female,female,female
judith,,nelson,judith nelson,female,female,female
paul,,nelson,paul nelson,male,male,male
heidi,,nelson,heidi nelson,female,female,female
thomas,,neltner,thomas neltner,male,male,male
hannelore,,neuhauser,hannelore neuhauser,female,female,female
kathleen,,neuzil,kathleen neuzil,female,female,female
anne,,newman,anne newman,female,female,female
john,,newman,john newman,male,male,male
katherine,,newton,katherine newton,female,female,female
chaan,,ng,chaan ng,male,unknown,unknown
belinda,,ng,belinda ng,female,female,female
vanessa,,ng,vanessa ng,female,female,female
jeremiah,,ngondi,jeremiah ngondi,male,male,male
deborah,,nichols,deborah nichols,female,female,female
linda,olivia,nichols,linda olivia nichols,female,female,female
mitchell,,nides,mitchell nides,male,male,male
sune,,nielsen,sune nielsen,male,male,male
antonio,,nieto,antonio nieto,male,male,male
sanne,,nijhof,sanne nijhof,female,female,female
nobuyuki,,nishikiori,nobuyuki nishikiori,male,male,male
jun-ichi,,nishimura,jun-ichi nishimura,male,unknown,unknown
steven,,nissen,steven nissen,male,male,male
jane,,norman,jane norman,female,female,female
gary,,noskin,gary noskin,male,male,male
eha,,nurk,eha nurk,female,female,female
david,,nyweide,david nyweide,male,male,male
cara,,o'brien,cara o'brien,female,female,female
sean,,o'brien,sean o'brien,male,male,male
paul,,o'brien,paul o'brien,male,male,male
ira,,ockene,ira ockene,female,female,female
christopher,,o'connor,christopher o'connor,male,male,male
michelle,,odden,michelle odden,female,female,female
sam,,oddie,sam oddie,male,mostly_male,male
colin,,o'donnell,colin o'donnell,male,male,male
max,,o'donnell,max o'donnell,male,male,male
ibironke,,oduyebo,ibironke oduyebo,female,unknown,unknown
kevin,,oeffinger,kevin oeffinger,male,male,male
helmut,,oettle,helmut oettle,male,male,male
cynthia,,ogden,cynthia ogden,female,female,female
gbenga,,ogedegbe,gbenga ogedegbe,male,unknown,unknown
david,,ogilvie,david ogilvie,male,male,male
ann,,o'hare,ann o'hare,female,female,female
maurice,,ohayon,maurice ohayon,male,male,male
suzanne,,ohmit,suzanne ohmit,female,female,female
kanu,,okike,kanu okike,male,unknown,unknown
susan,,oliveria,susan oliveria,female,female,female
douglas,,olson,douglas olson,male,male,male
john,,o'meara,john o'meara,male,male,male
saad,,omer,saad omer,male,male,male
heyder,,omran,heyder omran,male,unknown,unknown
cheryl,,oncken,cheryl oncken,female,female,female
peck,,ong,peck ong,male,unknown,unknown
marcus,eng,ong,marcus eng ong,male,male,male
bregje,,onwuteaka-philipsen,bregje onwuteaka-philipsen,female,female,female
jan,jelrik,oosterheert,jan jelrik oosterheert,male,male,male
trevor,,orchard,trevor orchard,male,male,male
anath,,oren,anath oren,female,unknown,unknown
gretchen,,orosz,gretchen orosz,female,female,female
ragnhild,,ørstavik,ragnhild ørstavik,female,female,female
denise,,orwig,denise orwig,female,female,female
eric,,orwoll,eric orwoll,male,male,male
david,,ost,david ost,male,male,male
george,,ostapowicz,george ostapowicz,male,male,male
truls,,ostbye,truls ostbye,male,male,male
jan,,ostermann,jan ostermann,male,male,male
glenn,,ostir,glenn ostir,male,male,male
geraldine,,o'sullivan,geraldine o'sullivan,female,female,female
kenneth,,ottenbacher,kenneth ottenbacher,male,male,male
jennifer,,otten,jennifer otten,female,female,female
amy,,oxentenko,amy oxentenko,female,female,female
madhukar,,pai,madhukar pai,male,unknown,unknown
frank,,palella,frank palella,male,male,male
suetonia,,palmer,suetonia palmer,female,unknown,unknown
scott,,palmer,scott palmer,male,male,male
tullio,,palmerini,tullio palmerini,male,male,male
paul,,palumbo,paul palumbo,male,male,male
katherine,,panageas,katherine panageas,female,female,female
jack,,paradise,jack paradise,male,male,male
iyer,,parameswaran, iyer parameswaran,male,unknown,unknown
antoine,,pariente,antoine pariente,male,male,male
jean,jacques,parienti,jean jacques parienti,male,male,male
yong-woo,,park,yong-woo park,male,unknown,unknown
yikyung,,park,yikyung park,female,unknown,unknown
catriona,,parker,catriona parker,female,female,female
roeline,,pasman, roeline pasman,female,female,female
patrick,,pasquina,patrick pasquina,male,male,male
harvey,,pass,harvey pass,male,male,male
dharmintra,,pasupathy,dharmintra pasupathy,male,unknown,unknown
taral,,patel,taral patel,male,unknown,unknown
amit,,patel,amit patel,male,male,male
debora,,paterniti,debora paterniti,female,female,female
carrie,,patnode,carrie patnode,female,female,female
gregory,,pattakos,gregory pattakos,male,male,male
christopher,,patterson,christopher patterson,male,male,male
edward,,patz,edward patz,male,male,male
marianne,,pavel,marianne pavel,female,female,female
behzad,,pavri,behzad pavri,male,male,male
nina,,paynter,nina paynter,female,female,female
sue,,pedersen,sue pedersen,female,female,female
deborah,,peikes,deborah peikes,female,female,female
fabio,,pellegrini,fabio pellegrini,male,male,male
michael,,pencina,michael pencina,male,male,male
anne,,pereira,anne pereira,female,female,female
mark,,pereira,mark pereira,male,male,male
rogelio,,perez-padilla,rogelio perez-padilla,male,male,male
esteban,,pérez-rodríguez,esteban pérez-rodríguez,male,male,male
trish,,perl,trish perl,female,female,female
adam,,perlman,adam perlman,male,male,male
stephen,,persell,stephen persell,male,male,male
john,victor,peter,john victor peter,male,male,male
thomas,,peterman,thomas peterman,male,male,male
barry,,peters,barry peters,male,male,male
jaime,,peters,jaime peters,female,male,male
ronald,,petersen,ronald petersen,male,male,male
janey,,peterson,janey peterson,female,female,female
pamela,,peterson,pamela peterson,female,female,female
wilco,,peul,wilco peul,male,male,male
hoangmai,,pham,hoangmai pham,female,unknown,unknown
paul,,pharoah,paul pharoah,male,male,male
andrew,,phillips,andrew phillips,male,male,male
michael,,phillips,michael phillips,male,male,male
werner,,pichler,werner pichler,male,male,male
perry,,pickhardt,perry pickhardt,male,male,male
luc,,piérard,luc piérard,male,male,male
john,,piette,john piette,male,male,male
anouk,,pijpe,anouk pijpe,female,female,female
paul,,pilkington,paul pilkington,male,male,male
mark,,pimentel,mark pimentel,male,male,male
rafael,zambelli,pinto,rafael zambelli pinto,male,male,male
munir,,pirmohamed,munir pirmohamed,male,male,male
margaret,,pisani,margaret pisani,female,female,female
tobias,,pischon,tobias pischon,male,male,male
kaisu,,pitkala,kaisu pitkala,female,female,female
isabelle,,pitrou,isabelle pitrou,female,female,female
bertram,,pitt,bertram pitt,male,male,male
david,,planer,david planer,male,male,male
johannes,,plank,johannes plank,male,male,male
mark,,pletcher,mark pletcher,male,male,male
sabine-gisela,,plötz,sabine-gisela plötz,female,unknown,unknown
katherine,,poehling,katherine poehling,female,female,female
robert,,post,robert post,male,male,male
shelley,,potter,shelley potter,female,female,female
jerry,,powell,jerry powell,male,male,male
benjamin,,powers,benjamin powers,male,male,male
paolo,,prandoni,paolo prandoni,male,male,male
ross,,prentice,ross prentice,male,male,male
matthew,,press,matthew press,male,male,male
richard,,prince,richard prince,male,male,male
monique,,prinssen,monique prinssen,female,female,female
allan,,prochazka,allan prochazka,male,male,male
philippe,,prokocimer,philippe prokocimer,male,male,male
paul,,pronyk,paul pronyk,male,male,male
sarah,,lewington,sarah lewington,female,female,female
adria,tassy,prosser,adria tassy prosser,female,female,female
veerle,,provoost,veerle provoost,female,female,female
roman,,prymula,roman prymula,male,male,male
ching-hon,,pui,ching-hon pui,male,unknown,unknown
christian,,putensen,christian putensen,male,male,male
rehan,,qayyum,rehan qayyum,male,male,male
qibin,,qi,qibin qi,male,unknown,unknown
xian,,qi,xian qi,male,andy,andy
ping,,qin,ping qin,male,andy,andy
lyn,,quine,lyn quine,female,mostly_female,female
james,,quinn,james quinn,male,male,male
nadeem,,qureshi,nadeem qureshi,male,male,male
klaus,,rabe,klaus rabe,male,male,male
marsha,,raebel,marsha raebel,female,female,female
gilbert,,raff,gilbert raff,male,male,male
james,,raftery,james raftery,male,male,male
mahboob,,rahman,mahboob rahman,male,unknown,unknown
najib,,rahman,najib rahman,male,male,male
timothy,,rainer,timothy rainer,male,male,male
greta,,rait,greta rait,female,female,female
anita,,raj,anita raj,female,female,female
olaide,,raji,olaide raji,male,unknown,unknown
christopher,,ramsden,christopher ramsden,male,male,male
thomas,,rasmussen,thomas rasmussen,male,male,male
wolfgang,,rathmann,wolfgang rathmann,male,male,male
rainer,,rauramaa,rainer rauramaa,male,male,male
sunanda,,ray,sunanda ray,unknown,female,female
wayne,,ray,wayne ray,male,male,male
eric,,raymond,eric raymond,male,male,male
annette,,reboli,annette reboli,female,female,female
diane,,reddy,diane reddy,female,female,female
susan,,redline,susan redline,female,female,female
mathew,,reeves,mathew reeves,male,male,male
gordon,,reeves,gordon reeves,male,male,male
stephan,,reichenbach,stephan reichenbach,male,male,male
ian,,reid,ian reid,male,male,male
david,,reid,david reid,male,male,male
john,,reilly,john reilly,male,male,male
david,,rein,david rein,male,male,male
ben,,reis,ben reis,male,male,male
christiane,,reitz,christiane reitz,female,female,female
raoul,,reulen,raoul reulen,male,male,male
sandra,,reuter,sandra reuter,female,female,female
harmony,,reynolds,harmony reynolds,female,female,female
karin,,rhodes,karin rhodes,female,female,female
brent,,richards, brent richards,male,male,male
philip,,riches,philip riches,male,male,male
sharon,,riddler,sharon riddler,female,female,female
paul,,ridker,paul ridker,male,male,male
rixt,,riemersma-van der lek,rixt riemersma-van der lek,female,female,female
judith,,rietjens,judith rietjens,female,female,female
john,,rigg,john rigg,male,male,male
lawrence,,riggs, lawrence riggs,male,male,male
marc,,righini,marc righini,male,male,male
ge,,ri-li,ge ri-li,unknown,andy,andy
ephraim,,rimon,ephraim rimon,male,male,male
gregory,,robbins,gregory robbins,male,male,male
lesley,,roberts,lesley roberts,female,andy,andy
tracy,,roberts,tracy roberts,female,mostly_female,female
james,,roberts,james roberts,male,male,male
laura,,robertson,laura robertson,female,female,female
andrew,,robinson,andrew robinson,male,male,male
cassianne,,robinson-cohen,cassianne robinson-cohen,female,unknown,unknown
mike,,robling,mike robling,male,male,male
nicolas,,rodondi,nicolas rodondi,male,male,male
laura,,rodrigues,laura rodrigues,female,female,female
juan,,llibre rodriguez,juan llibre rodriguez,male,male,male
josanna,,rodriguez,josanna rodriguez,female,unknown,unknown
gema,,rodríguez-trigo,gema rodríguez-trigo,female,female,female
mary,,rogers,mary rogers,female,mostly_female,female
david,,rojas-rueda,david rojas-rueda,male,male,male
mary,,roman,mary roman,female,mostly_female,female
antonino,,romano,antonino romano,male,male,male
guglielmo,,ronco,guglielmo ronco,male,male,male
annemieke,,roos,annemieke roos,female,female,female
jonathan,,rosand,jonathan rosand,male,male,male
peter,,rose,peter rose,male,male,male
natalie,,rose,natalie rose,female,female,female
antoni,,rosell,antoni rosell,male,male,male
julio,,rosenstock,julio rosenstock,male,male,male
meredith,,rosenthal,meredith rosenthal,female,mostly_female,female
victor,,rosenthal,victor rosenthal,male,male,male
lone,,ross,lone ross,female,female,female
joseph,,ross,joseph ross,male,male,male
christine,,roth,christine roth,female,female,female
michael,,rothberg,michael rothberg,male,male,male
russell,,rothman,russell rothman,male,male,male
jeffrey,,rothschild,jeffrey rothschild,male,male,male
john,,routes,john routes,male,male,male
rianne,,rozendaal,rianne rozendaal,female,female,female
haya,,rubin,haya rubin,female,female,female
hanna,bloomfield,rubins,hanna bloomfield rubins,female,female,female
diana,,rucker,diana rucker,female,female,female
igor,,rudan,igor rudan,male,male,male
alicja,,rudnicka,alicja rudnicka,female,female,female
luis,miguel,ruilope,luis miguel ruilope,male,male,male
andrew,,rule,andrew rule,male,male,male
mark,,rupp,mark rupp,male,male,male
minna,,rusanen,minna rusanen,female,female,female
frank,,ruschitzka,frank ruschitzka,male,male,male
louise,,russell,louise russell,female,female,female
george,,rust,george rust,male,male,male
paul,,rutgeerts,paul rutgeerts,male,male,male
eduardo,,saad,eduardo saad,male,male,male
jinan,,saaddine,jinan saaddine,unknown,female,female
david,,saadoun,david saadoun,male,male,male
jane,,saczynski,jane saczynski,female,female,female
kyan,,safavi,kyan safavi,male,unknown,unknown
monika,,safford,monika safford,female,female,female
debasish,,saha,debasish saha,male,male,male
saroj,,saigal,saroj saigal,female,mostly_female,female
eila,,sailas,eila sailas,female,female,female
sameer,,saini,sameer saini,male,male,male
toshikazu,,saito,toshikazu saito,male,male,male
jordi,,salas-salvadó,jordi salas-salvadó,male,male,male
faouzi,,saliba,faouzi saliba,male,male,male
shelley,,salpeter,shelley salpeter,female,female,female
daniel,,salter,daniel salter,male,male,male
carlo,,salvarani,carlo salvarani,male,male,male
charles,marc,samama,charles marc samama,male,male,male
william,,sandborn,william sandborn,male,male,male
gillian,,sanders,gillian sanders,female,female,female
manjinder,,sandhu,manjinder sandhu,male,mostly_male,male
taylor,,sandison,taylor sandison,male,mostly_male,male
alan,,sandler,alan sandler,male,male,male
prachi,,sanghavi,prachi sanghavi,female,unknown,unknown
jitender,,sareen,jitender sareen,male,unknown,unknown
peter,,sasieni,peter sasieni,male,male,male
yoshihiro,,sato,yoshihiro sato,male,male,male
pierre-yves,,scarabin,pierre-yves scarabin,male,unknown,unknown
matthew,,scarborough,matthew scarborough,male,male,male
nikolaos,,scarmeas,nikolaos scarmeas,male,male,male
richard,,schacterle,richard schacterle,male,male,male
sean,,schafer,sean schafer,male,male,male
debra,,schaumberg,debra schaumberg,female,female,female
elizabeth,sumamo,schellenberg,elizabeth sumamo schellenberg,female,female,female
georg,,schett,georg schett,male,male,male
gordon,,schiff,gordon schiff,male,male,male
giuseppe,,schillaci,giuseppe schillaci,male,male,male
mark,,schleinitz,mark schleinitz,male,male,male
kathryn,,schmitz,kathryn schmitz,female,female,female
lon,,schneider,lon schneider,male,mostly_female,female
eric,,schneider,eric schneider,male,male,male
jeffrey,,schnipper,jeffrey schnipper,male,male,male
lisette,,schoonhoven,lisette schoonhoven,female,female,female
john,,schousboe,john schousboe,male,male,male
henrike,,schouten,henrike schouten,female,female,female
martin,,schrappe,martin schrappe,male,male,male
christoph,,schroeder,christoph schroeder,male,male,male
sam,,schulman,sam schulman,male,mostly_male,male
julie,,schultz,julie schultz,female,female,female
jeremiah,,schuur,jeremiah schuur,male,male,male
lisa,,schwartz,lisa schwartz,female,female,female
mark,,schwartz,mark schwartz,male,male,male
jennifer,,schwartz,jennifer schwartz,female,female,female
thomas,,schwarz,thomas schwarz,male,male,male
jeffrey,,schwimmer,jeffrey schwimmer,male,male,male
benjamin,,scirica,benjamin scirica,male,male,male
anthony,,scott, anthony scott,male,male,male
anne,,scoular,anne scoular,female,female,female
malcolm,,sears,malcolm sears,male,male,male
leonardo,,sechi,leonardo sechi,male,male,male
johanna,,seddon,johanna seddon,female,female,female
gilda,,sedgh,gilda sedgh,female,female,female
art,,sedrakyan,art sedrakyan,male,male,male
diane,,seibert,diane seibert,female,female,female
jennifer,,seida,jennifer seida,female,female,female
elodie,,sellier,elodie sellier,female,female,female
elizabeth,,selvin,elizabeth selvin,female,female,female
richard,,semba,richard semba,male,male,male
srijan,,sen,srijan sen,male,unknown,unknown
hsien,,seow,hsien seow,male,unknown,unknown
thomas,,sequist,thomas sequist,male,male,male
sudha,,seshadri,sudha seshadri,female,female,female
howard,,sesso,howard sesso,male,male,male
arathi,,setty,arathi setty,male,unknown,unknown
jane,,seward,jane seward,female,female,female
justin,,sewell,justin sewell,male,male,male
nancy,,shadick,nancy shadick,female,female,female
mary-ann,,shafer,mary-ann shafer,female,unknown,unknown
robert,,shafer,robert shafer,male,male,male
jignesh,,shah,jignesh shah,male,unknown,unknown
rahman,,shah,rahman shah,male,male,male
vahakn,,shahinian,vahakn shahinian,male,unknown,unknown
tatyana,,shamliyan,tatyana shamliyan,female,female,female
seetha,,shankaran,seetha shankaran,female,unknown,unknown
leena,,sharma,leena sharma,female,female,female
gulshan,,sharma,gulshan sharma,female,female,female
trisha,,shattuck,trisha shattuck,female,female,female
sharon,,sheehan,sharon sheehan,female,female,female
ellen,,sheehy,ellen sheehy,female,female,female
karen,,sherman,karen sherman,female,female,female
andrew,,sherwood,andrew sherwood,male,male,male
meredith,,shiels,meredith shiels,female,mostly_female,female
henry,,shinefield,henry shinefield,male,male,male
cathy,,shipman,cathy shipman,female,female,female
yasushi,,shiratori,yasushi shiratori,male,male,male
sushmita,,shivkumar,sushmita shivkumar,female,unknown,unknown
michael,,shlipak,michael shlipak,male,male,male
kaveh,,shojania,kaveh shojania,male,male,male
molly,,shores,molly shores,female,female,female
jacqueline,baras,shreibati,jacqueline baras shreibati,female,female,female
ashfaq,,shuaib,ashfaq shuaib,male,male,male
jeffrey,,shuhaiber,jeffrey shuhaiber,male,male,male
irene,,shui,irene shui,female,female,female
asra,,siddiqui,asra siddiqui,female,unknown,unknown
davinder,,sidhu,davinder sidhu,male,mostly_male,male
john,,sievenpiper,john sievenpiper,male,male,male
alice,,sigurdson,alice sigurdson,female,female,female
sigmund,,silber,sigmund silber,male,male,male
danielle,,silverman,danielle silverman,female,female,female
camelia,,sima,camelia sima,female,female,female
edgar,,simard,edgar simard,male,male,male
mark,,simmonds,mark simmonds,male,male,male
gérald,,simonneau,gérald simonneau,male,male,male
emily,,simons,emily simons,female,female,female
sheldon,,singh,sheldon singh,male,male,male
hardeep,,singh,hardeep singh,male,mostly_male,male
peter,,sinnaeve,peter sinnaeve,male,male,male
george,,siontis,george siontis,male,male,male
ilke,,sipahi,ilke sipahi,male,mostly_female,female
sergio,,siragusa,sergio siragusa,male,male,male
brenda,,sirovich,brenda sirovich,female,female,female
jane,,sisk,jane sisk,female,female,female
stephen,,sisson,stephen sisson,male,male,male
håvard,ove,skjerven,håvard ove skjerven,male,male,male
rebeccah,,slater,rebeccah slater,female,unknown,unknown
pauline,,slottje,pauline slottje,female,female,female
kersten,,small,kersten small,female,andy,andy
bruce,,smith, bruce smith,male,male,male
alexander,,smith,alexander smith,male,male,male
stevens,,smith,stevens smith,male,unknown,unknown
craig,,smith,craig smith,male,male,male
rebecca,,smith-bindman,rebecca smith-bindman,female,female,female
crystal,,smith-spangler,crystal smith-spangler,female,female,female
kim,,smolderen,kim smolderen,female,mostly_female,female
jordan,,smoller,jordan smoller,male,male,male
alan,,smyth,alan smyth,male,male,male
soham,,al snih,soham al snih,female,unknown,unknown
matthew,,solomon,matthew solomon,male,male,male
daniel,,solomon,daniel solomon,male,male,male
henrik,toft,sørensen,henrik toft sørensen,male,male,male
rikke,,sørensen,rikke sørensen,female,female,female
maryfran,,sowers,maryfran sowers,female,unknown,unknown
pierre,,amarenco,pierre amarenco,male,male,male
benjamin,,speich,benjamin speich,male,male,male
frederick,,spencer,frederick spencer,male,male,male
joann,,sperl-hillen,joann sperl-hillen,female,female,female
paul,,spiegel,paul spiegel,male,male,male
gregory,,albers,gregory albers,male,male,male
paul,,stallard,paul stallard,male,male,male
melinda,,stanley,melinda stanley,female,female,female
anke,,steckelberg,anke steckelberg,female,female,female
norbert,,stefan,norbert stefan,male,male,male
marcia,,stefanick,marcia stefanick,female,female,female
philippe,gabriel,steg,philippe gabriel steg,male,male,male
paul,,stein,paul stein,male,male,male
gerhard,,steinbeck,gerhard steinbeck,male,male,male
michael,,steinman,michael steinman,male,male,male
henry,thomas,stelfox,henry thomas stelfox,male,male,male
ulf,,stenestrand,ulf stenestrand,male,male,male
william,,stenson,william stenson,male,male,male
iain,,stephenson,iain stephenson,male,male,male
kathleen,,stergiopoulos,kathleen stergiopoulos,female,female,female
timothy,,sterling,timothy sterling,male,male,male
michael,,stern,michael stern,male,male,male
scott,,stevens,scott stevens,male,male,male
adam,,steventon,adam steventon,male,male,male
scott,,stewart,scott stewart,male,male,male
chad,,stickrath,chad stickrath,male,male,male
ian,,stiell,ian stiell,male,male,male
karen,,stockl,karen stockl,female,female,female
tim,,stokes,tim stokes,male,male,male
rachael,,stolzenberg-solomon,rachael stolzenberg-solomon,female,female,female
gregg,,stone,gregg stone,male,male,male
katherine,,stothard,katherine stothard,female,female,female
saverio,,stranges,saverio stranges,male,male,male
sabine,,straus,sabine straus,female,female,female
pasquale,,striano,pasquale striano,male,male,male
thea,,strieder,thea strieder,female,female,female
alison,,stuebe,alison stuebe,female,female,female
til,,stürmer,til stürmer,male,male,male
pedro,,suárez,pedro suárez,male,male,male
sachin,,sud,sachin sud,male,male,male
sebastian,,suerbaum,sebastian suerbaum,male,male,male
mark,,sullivan,mark sullivan,male,male,male
catherine,,sullivan,catherine sullivan,female,female,female
anne,,sumner,anne sumner,female,female,female
qi,,sun,qi sun,male,andy,andy
xin,,sun,xin sun,unknown,andy,andy
shyam,,sundar,shyam sundar,male,male,male
joseph,,sung,joseph sung,male,male,male
pål,,surén,pål surén,male,male,male
rakesh,,suri,rakesh suri,male,male,male
nanthia,,suthana,nanthia suthana,female,unknown,unknown
kim,,sutton-tyrrell,kim sutton-tyrrell,female,mostly_female,female
henrik,,svanström,henrik svanström,male,male,male
gary,,swan,gary swan,male,male,male
philippe,,szapary,philippe szapary,male,male,male
harry,,tagbor,harry tagbor,male,male,male
taha,,taha,taha taha,male,male,male
philippa,,talmud,philippa talmud,female,female,female
robyn,,tamblyn,robyn tamblyn,female,female,female
martin,,tammemagi, martin tammemagi,male,male,male
masahiro,,tanaka,masahiro tanaka,male,male,male
ning,,tang,ning tang,female,andy,andy
navdeep,,tangri,navdeep tangri,male,male,male
richard,,tannen,richard tannen,male,male,male
cara,,tannenbaum,cara tannenbaum,female,female,female
catherine,,tansey,catherine tansey,female,female,female
carolyn,,tarrant,carolyn tarrant,female,female,female
donald,,tashkin,donald tashkin,male,male,male
deborah,,tate,deborah tate,female,female,female
eriko,,tateishi-yuyama,eriko tateishi-yuyama,unknown,female,female
angelo,,taveira-dasilva,angelo taveira-dasilva,male,male,male
kathryn,,taylor,kathryn taylor,female,female,female
paris,,tekkis,paris tekkis,male,male,male
milena,gurgel,teles,milena gurgel teles,female,female,female
marije,,ten wolde,marije ten wolde,female,female,female
joan,,teno,joan teno,female,female,female
gunnar,,tepe,gunnar tepe,male,male,male
teruhiko,,terasawa,teruhiko terasawa,male,unknown,unknown
kathryn,,terry,kathryn terry,female,female,female
george,,thanassoulis,george thanassoulis,male,male,male
sudhin,,thayyil,sudhin thayyil,male,unknown,unknown
chloe,,thio,chloe thio,female,female,female
randal,,thomas,randal thomas,male,male,male
matthew,,thompson,matthew thompson,male,male,male
reimar,,thomsen,reimar thomsen,male,male,male
mette,,thomsen,mette thomsen,female,female,female
jeffrey,,tice,jeffrey tice,male,male,male
justin,,timbie,justin timbie,male,male,male
mary,,tinetti,mary tinetti,female,mostly_female,female
henry,,ting,henry ting,male,male,male
amir,,tirosh,amir tirosh,male,male,male
sengwee,,toh,sengwee toh,male,unknown,unknown
wietse,,tol,wietse tol,male,mostly_male,male
cecilia,,tomassini,cecilia tomassini,female,female,female
eric,,topol,eric topol,male,male,male
anna,,tosteson,anna tosteson,female,female,female
amytis,,towfighi,amytis towfighi,female,unknown,unknown
anne,,townsend,anne townsend,female,female,female
antonia,,trichopoulou,antonia trichopoulou,female,female,female
elizabeth,,tronstein,elizabeth tronstein,female,female,female
bourdin,,trunz, bourdin trunz,female,unknown,unknown
thomas,,tsai,thomas tsai,male,male,male
chin-lin,,tseng,chin-lin tseng,male,unknown,unknown
judith,,tsui,judith tsui,female,female,female
roderick,,tung,roderick tung,male,male,male
ruth,,tuomala,ruth tuomala,female,female,female
lindsay,,turnbull,lindsay turnbull,female,mostly_female,female
charles,,turner,charles turner,male,male,male
barbara,,turner,barbara turner,female,female,female
ioanna,,tzoulaki,ioanna tzoulaki,female,female,female
kanji,,uchida,kanji uchida,male,male,male
edward,,uchio,edward uchio,male,male,male
andré,,uitterlinden,andré uitterlinden,male,male,male
jürgen,,unützer,jürgen unützer,male,male,male
ashish,,upadhyay,ashish upadhyay,male,male,male
christopher,,murray,christopher murray,unknown,male,male
daniel,,uslan,daniel uslan,male,male,male
olalekan,,uthman,olalekan uthman,male,unknown,unknown
viola,,vaccarino,viola vaccarino,female,female,female
anjana,,vaidya,anjana vaidya,female,female,female
nestor,,vain,nestor vain,male,male,male
dino,,vaira,dino vaira,male,male,male
margarite,,vale,margarite vale,female,female,female
juan,,valle,juan valle,male,male,male
sophie,,valleix,sophie valleix,female,female,female
willemien,,van de water,willemien van de water,female,female,female
ingrid,,van den broek,ingrid van den broek,female,female,female
ann,,van den bruel,ann van den bruel,female,female,female
wilbert,,van den hout,wilbert van den hout,male,male,male
paul,,van der linden,paul van der linden,male,male,male
jenny,,van der steen,jenny van der steen,female,female,female
merel,,van maarle,merel van maarle,female,female,female
wouter,,van marken lichtenbelt,wouter van marken lichtenbelt,male,male,male
marco,,van strijen,marco van strijen,male,male,male
carl,,van walraven,carl van walraven,male,male,male
mark,,vander lugt,mark vander lugt,male,male,male
mark,,vanderpump,mark vanderpump,male,male,male
ramachandran,,vasan,ramachandran vasan,male,unknown,unknown
despoina,,vasilakou,despoina vasilakou,female,female,female
robert,,vassallo,robert vassallo,male,male,male
talitha,,verhoef,talitha verhoef,female,female,female
yury,,verlinsky,yury verlinsky,male,male,male
marcel,,verweij,marcel verweij,male,male,male
timo,,vesikari,timo vesikari,male,male,male
mogens,,vestergaard,mogens vestergaard,male,male,male
andrew,,vickers,andrew vickers,male,male,male
ronald,,victor,ronald victor,male,male,male
maría,,vidán,maría vidán,female,mostly_female,female
dennis,,villareal,dennis villareal,male,male,male
ajeet,,vinayak,ajeet vinayak,male,unknown,unknown
sébastien,,vincendeau,sébastien vincendeau,male,male,male
jean-louis,,vincent,jean-louis vincent,male,unknown,unknown
russell,,viner,russell viner,male,male,male
yana,,vinogradova,yana vinogradova,female,female,female
salim,,virani,salim virani,male,male,male
kirsi,,virtanen,kirsi virtanen,female,female,female
deepak,,vivekananthan,deepak vivekananthan,male,mostly_male,male
dirk,,vlasselaers,dirk vlasselaers,male,male,male
benjamin,,voight,benjamin voight,male,male,male
angelo,,volandes,angelo volandes,male,male,male
michael,,volk,michael volk,male,male,male
ronald,,van vollenhoven,ronald van vollenhoven,male,male,male
kevin,,volpp,kevin volpp,male,male,male
ajay,,vora,ajay vora,male,male,male
uraiwan,,vuttanont,uraiwan vuttanont,unknown,unknown,unknown
claire,,waddington,claire waddington,female,female,female
margda,,waern,margda waern,female,unknown,unknown
tor,,wager,tor wager,male,male,male
john,,wagner,john wagner,male,male,male
nils,,wahlgren,nils wahlgren,male,male,male
hans,,wahrenberg,hans wahrenberg,male,male,male
melissa,,wake,melissa wake,female,female,female
melanie,,wakefield,melanie wakefield,female,female,female
rochelle,,walensky,rochelle walensky,female,female,female
lisa,,walke,lisa walke,female,female,female
gregor,,walker,gregor walker,male,male,male
jan,,walker,jan walker,female,male,male
jan,,wallenborn,jan wallenborn,male,male,male
alexander,,walley,alexander walley,male,male,male
anne,,walling,anne walling,female,female,female
timothy,,walsh, timothy walsh,male,male,male
edward,,walsh,edward walsh,male,male,male
thomas,,walsh,thomas walsh,male,male,male
thom,,walsh,thom walsh,male,male,male
hannes,,wandt,hannes wandt,male,male,male
youfa,,wang,youfa wang,male,unknown,unknown
norman,,wang,norman wang,male,male,male
tracy,,wang,tracy wang,female,mostly_female,female
amy,,wang,amy wang,female,female,female
chen,,wang,chen wang,unknown,andy,andy
michael,,wang,michael wang,male,male,male
guoying,,wang,guoying wang,male,unknown,unknown
ronald,,wapner,ronald wapner,male,male,male
joel,,ward,joel ward,male,male,male
heather,,ward,heather ward,female,female,female
joan,,warren,joan warren,female,female,female
asra,,warsi,asra warsi,female,unknown,unknown
patrice,,watson,patrice watson,unknown,male,male
john,,watson,john watson,male,male,male
deborah,,watson-jones,deborah watson-jones,female,female,female
heather,,watts, heather watts,female,female,female
wendy,,weber,wendy weber,female,female,female
angela,,webster,angela webster,female,female,female
erich,,wedam,erich wedam,male,male,male
william,,weeks,william weeks,male,male,male
saul,,weiner,saul weiner,male,male,male
katie,,weinger,katie weinger,female,female,female
amy,,weinstein,amy weinstein,female,female,female
william,,weintraub,william weintraub,male,male,male
christopher,,weis,christopher weis,male,male,male
steven,,weisbord,steven weisbord,male,male,male
steven,,weisman,steven weisman,male,male,male
stuart,,weiss,stuart weiss,male,male,male
lauren,,weiss,lauren weiss,female,mostly_female,female
gilbert,,welch, gilbert welch,male,male,male
james,,welker,james welker,male,male,male
philip,,wells,philip wells,male,male,male
brian,,wells,brian wells,male,male,male
chi,pang,wen,chi pang wen,male,andy,andy
david,,wendler,david wendler,male,male,male
neil,,wenger,neil wenger,male,male,male
david,,wennberg,david wennberg,male,male,male
rachel,,werner,rachel werner,female,female,female
susan,,west,susan west,female,female,female
sheila,,west,sheila west,female,female,female
colin,,west,colin west,male,male,male
stephen,,westaby,stephen westaby,male,male,male
johanna,,westbrook,johanna westbrook,female,female,female
william,,wester, william wester,male,male,male
hugo,,westerlund,hugo westerlund,male,male,male
kate,,wheeler,kate wheeler,female,female,female
timothy,,whelan,timothy whelan,male,male,male
paul,,whelton,paul whelton,male,male,male
peter,,white,peter white,male,male,male
richard,,white,richard white,male,male,male
rachel,,whitmer,rachel whitmer,female,female,female
mary,,whooley,mary whooley,female,mostly_female,female
dominic,,wichmann,dominic wichmann,male,male,male
kimberly,,wiegand,kimberly wiegand,female,mostly_female,female
renda,soylemez,wiener,renda soylemez wiener,female,female,female
jeff,,wiese,jeff wiese,male,male,male
duminda,,wijeysundera,duminda wijeysundera,male,unknown,unknown
rachel,,wildman,rachel wildman,female,female,female
denise,,wilfley,denise wilfley,female,female,female
carole,,willi,carole willi,female,female,female
michael,,wilschanski,michael wilschanski,male,male,male
robert,,wilson,robert wilson,male,male,male
david,,wilson,david wilson,male,male,male
lindon,,wing,lindon wing,male,unknown,unknown
rena,,wing,rena wing,female,female,female
wolfgang,,winkelmayer,wolfgang winkelmayer,male,male,male
almut,,winterstein,almut winterstein,female,female,female
tania,,winzenberg,tania winzenberg,female,female,female
robert,,wise,robert wise,male,male,male
joseph,,wislar,joseph wislar,male,male,male
juan,,wisnivesky,juan wisnivesky,male,male,male
daniel,,witt,daniel witt,male,male,male
ilan,,wittstein,ilan wittstein,male,male,male
hans,,woerle,hans woerle,male,male,male
michael,,wolf,michael wolf,male,male,male
steven,,woloshin,steven woloshin,male,male,male
nelson,,wolosker,nelson wolosker,male,male,male
tien,yin,wong,tien yin wong,male,mostly_male,male
yu-ning,,wong,yu-ning wong,female,andy,andy
nathan,,wong,nathan wong,male,male,male
patrick,,woo,patrick woo,male,male,male
alexi,,wright,alexi wright,female,male,male
stephen,,wroe,stephen wroe,male,male,male
wen-chih,,wu,wen-chih wu,male,unknown,unknown
diane,,wysowski,diane wysowski,female,female,female
qian,,xiao,qian xiao,unknown,andy,andy
mingzhao,,xing,mingzhao xing,male,unknown,unknown
kristine,,yaffe,kristine yaffe,female,female,female
yoshiji,,yamada,yoshiji yamada,male,male,male
andrew,,yan,andrew yan,male,male,male
kiyoshi,,yanagisawa,kiyoshi yanagisawa,male,male,male
william,,yancy,william yancy,male,male,male
da,,yang,da yang,male,andy,andy
gonghuan,,yang,gonghuan yang,male,unknown,unknown
quanhe,,yang,quanhe yang,unknown,unknown,unknown
veronica,,yank,veronica yank,female,female,female
jack,,yanovski,jack yanovski,male,male,male
james,,yao,james yao,male,male,male
lucy,,yardley,lucy yardley,female,female,female
john,,yates,john yates,male,male,male
robert,,yeh,robert yeh,male,male,male
gloria,,yeh,gloria yeh,female,female,female
yoko,,yokoyama,yoko yokoyama,unknown,female,female
kol,jia,yong,kol jia yong,female,unknown,unknown
marianne,ulcickas,yood,marianne ulcickas yood,female,female,female
jaclyn,,yoong,jaclyn yoong,female,female,female
terry,,young,terry young,male,mostly_male,male
bridget,,young,bridget young,female,female,female
annie,,young,annie young,female,female,female
henry,,yu,henry yu,male,male,male
hongjie,,yu,hongjie yu,male,unknown,unknown
leo,,zacharski,leo zacharski,male,male,male
woodie,,zachry,woodie zachry,male,unknown,unknown
neil,,zakai,neil zakai,male,male,male
chunliu,,zhan,chunliu zhan,male,unknown,unknown
shihai,,zhang,shihai zhang,male,unknown,unknown
fujie,,zhang,fujie zhang,male,unknown,unknown
yuting,,zhang,yuting zhang,female,unknown,unknown
xinzhi,,zhang,xinzhi zhang,male,unknown,unknown
yiyi,,zhang,yiyi zhang,female,unknown,unknown
ying,,zhao,ying zhao,female,andy,andy
jin-ping,,zheng,jin-ping zheng,male,andy,andy
li,,zhou,li zhou,female,andy,andy
feng-cai,,zhu,feng-cai zhu,male,unknown,unknown
david,,ziemer,david ziemer,male,male,male
eyal,,zimlichman,eyal zimlichman,male,male,male
camilla,,zimmermann,camilla zimmermann,female,female,female
david,,zingmond,david zingmond,male,male,male
issaka,,zongo,issaka zongo,male,unknown,unknown
donna,,zulman,donna zulman,female,female,female
