first_name,middle_name,last_name,full_name,gender,api_gender
peter,,aaby,peter aaby,male,male
shawn,,aaron,shawn aaron,male,unknown
kevin,,abbott,kevin abbott,male,male
salim,,abdulla,salim abdulla,male,male
corine,,aboa-eboulé,corine aboa-eboulé,female,female
ahmed,,abou-setta,ahmed abou-setta,male,male
william,,abraham,william abraham,male,male
bo,,abrahamsen,bo abrahamsen,male,unknown
donald,,abrams,donald abrams,male,male
nancy,,aburto,nancy aburto,female,female
jane,ruth,aceng,jane ruth aceng,female,female
linda,,adair,linda adair,female,female
soheir,,adam,soheir adam,female,unknown
alyce,,adams,alyce adams,female,female
giovanni,,addolorato,giovanni addolorato,male,unknown
neill,,adhikari,neill adhikari,male,male
dwomoa,,adu,dwomoa adu,unknown,unknown
walter,,ageno,walter ageno,male,male
giancarlo,,agnelli,giancarlo agnelli,male,male
martin,,ahlgren,martin ahlgren,male,male
jiyoung,,ahn,jiyoung ahn,female,unknown
alexander,,aiken,alexander aiken,male,male
agneta,,akesson,agneta akesson,female,unknown
christine,,albert,christine albert,female,female
svenja,,albrecht,svenja albrecht,female,unknown
thomas,,aldrich,thomas aldrich,male,male
melissa,,aldridge,melissa aldridge,female,female
berthe,,aleman,berthe aleman,female,female
erik,,alexander,erik alexander,male,male
lorraine,niño,alexander,lorraine niño alexander,female,female
richard,,alexander,richard alexander,male,male
caleb,,alexander, caleb alexander,male,male
graziella,badin,aliti,graziella badin aliti,female,female
sana,,al-khatib,sana al-khatib,female,female
stephen,,allen,stephen allen,male,male
richard,,allen,richard allen,male,male
christopher,,almond,christopher almond,male,male
pedro,,alonso,pedro alonso,male,male
sharif,,al-ruzzeh,sharif al-ruzzeh,male,male
fernando,,althabe,fernando althabe,male,male
daniel,,altman,daniel altman,male,male
francisco,,alvarez-blasco,francisco alvarez-blasco,male,male
amit,,amin,amit amin,male,unknown
peter,,ammann,peter ammann,male,male
katherine,,anagnostou,katherine anagnostou,female,female
sudhir,,anand,sudhir anand,male,male
cande,,ananth,cande ananth,male,female
kathryn,,anastos,kathryn anastos,female,female
johan,hviid,andersen,johan hviid andersen,male,unknown
gerard,,anderson,gerard anderson,male,male
monique,,anderson,monique anderson,female,female
jason,,andrews,jason andrews,male,male
joão,,anselmo,joão anselmo,male,unknown
kevin,,anstrom,kevin anstrom,male,male
nicholas,,anthonisen,nicholas anthonisen,male,male
antonella,,d'arminio monforte,antonella d'arminio monforte,female,female
tony,,antoniou,tony antoniou,male,unknown
latifat,,apatira,latifat apatira,female,unknown
christian,,apfel,christian apfel,male,unknown
lawrence,,appel,lawrence appel,male,male
andre,,araujo,andre araujo,male,unknown
diego,,ardissino,diego ardissino,male,male
james,,armitage,james armitage,male,male
katrina,,armstrong,katrina armstrong,female,female
paul,,armstrong,paul armstrong,male,male
bertrand,,arnulf,bertrand arnulf,male,male
sanjeev,,arora,sanjeev arora,male,male
adelaide,,arruda-olson,adelaide arruda-olson,female,female
bjørn,,asvold,bjørn asvold,male,unknown
robert,,atmar,robert atmar,male,male
alexandra,,aubry,alexandra aubry,female,female
wady,,aude, wady aude,male,unknown
reto,,auer,reto auer,male,unknown
andrew,,auerbach,andrew auerbach,male,male
philippe,,autier,philippe autier,male,male
liat,,ayalon,liat ayalon,female,female
henk-jan,,baarslag,henk-jan baarslag,male,unknown
mohan,,babapulle,mohan babapulle,male,male
ambika,,babu,ambika babu,female,female
filip,,baert,filip baert,male,male
laura,,baglietto,laura baglietto,female,female
hossein,,bahrami,hossein bahrami,male,male
amos,,bailey, amos bailey,male,male
william,,baker,william baker,male,male
michael,,baker,michael baker,male,male
tracy,,balboni,tracy balboni,female,unknown
carol,,baldwin,carol baldwin,female,unknown
ethan,,balk,ethan balk,male,male
rob,,baltussen,rob baltussen,male,male
heejung,,bang,heejung bang,female,unknown
raveendhara,,bannuru,raveendhara bannuru,unknown,unknown
jessica,,banthin,jessica banthin,female,female
selina,,banu,selina banu,female,female
robert,,barclay,robert barclay,male,male
aditya,,bardia,aditya bardia,male,male
aileen,,barnes,aileen barnes,female,female
janice,,barnhart,janice barnhart,female,female
graham,,barr, graham barr,male,male
ben,,barr,ben barr,male,male
josé,augusto,barreto-filho,josé augusto barreto-filho,male,unknown
bruce,,barrett,bruce barrett,male,male
elizabeth,,barrett-connor,elizabeth barrett-connor,female,female
alon,,barsheshet,alon barsheshet,male,unknown
jeffrey,,barsuk,jeffrey barsuk,male,male
bradley,,bart,bradley bart,male,male
geertje,,bartelds,geertje bartelds,female,unknown
pelham,,barton,pelham barton,male,male
ezra,,barzilay,ezra barzilay,male,unknown
josé,,baselga,josé baselga,male,unknown
lori,,bash,lori bash,female,female
sanjay,,basu,sanjay basu,male,male
shannon,,bates,shannon bates,female,unknown
michael,,bates,michael bates,male,male
pelin,,batur,pelin batur,female,female
tim,,bauer,tim bauer,male,male
jerry,,bauman,jerry bauman,male,unknown
liesbeth,,bax,liesbeth bax,female,unknown
antoni,,bayes-genis,antoni bayes-genis,male,male
lydia,,bazzano,lydia bazzano,female,female
michael,,becker,michael becker,male,male
david,,becker,david becker,male,male
paula,,bednarek,paula bednarek,female,female
george,,bedu-addo,george bedu-addo,male,male
colin,,begg,colin begg,male,male
philip,,bejon,philip bejon,male,male
chaim,,bell,chaim bell,male,male
keith,,bellizzi,keith bellizzi,male,male
eran,,bendavid,eran bendavid,male,unknown
iddo,,ben-dov,iddo ben-dov,male,male
gary,,bennett,gary bennett,male,male
elliott,,bennett-guerrero,elliott bennett-guerrero,male,unknown
amirta,,benning,amirta benning,female,unknown
john,,benson,john benson,male,male
stephen,,bent,stephen bent,male,male
shirley,,beresford,shirley beresford,female,unknown
rolf,,berger,rolf berger,male,male
david,,bergqvist,david bergqvist,unknown,male
robert,,berkowitz,robert berkowitz,male,male
brian,,berman,brian berman,male,male
enrico,,bernardi,enrico bernardi,male,male
sasha,,bernatsky,sasha bernatsky,female,unknown
elizabeth,,bernstein, elizabeth bernstein,female,female
amy,,berrington de gonzález,amy berrington de gonzález,female,female
donald,,berry,donald berry,male,male
daniel,,bertges,daniel bertges,male,male
john,,beshai,john beshai,male,male
nita,,bhandari,nita bhandari,female,female
deepak,,bhatt,deepak bhatt,male,male
ami,,bhatt,ami bhatt,female,unknown
james,,biagi,james biagi,male,male
karl,,bilimoria,karl bilimoria,male,male
john,,billings,john billings,male,male
andrew,,bindman,andrew bindman,male,male
edmund,,bini,edmund bini,male,male
john,,birkmeyer,john birkmeyer,male,male
hans,,bisgaard,hans bisgaard,male,male
heike,,bischoff-ferrari,heike bischoff-ferrari,female,female
lena,,björck,lena björck,female,female
dennis,,black,dennis black,male,male
jan,,blankensteijn,jan blankensteijn,male,unknown
alessandro,,ble,alessandro ble,male,male
hannah,,blencowe,hannah blencowe,female,female
robert,,blendon,robert blendon,male,male
geoffrey,,block,geoffrey block,male,male
jeanet,,blom,jeanet blom,female,female
fiona,,turnbull,fiona turnbull,female,female
cinnamon,,bloss,cinnamon bloss,female,female
stijn,,blot,stijn blot,male,unknown
david,,bluemke,david bluemke,male,male
william,,boden,william boden,male,male
maaike,,de boer,maaike de boer,female,female
mike,,boggild,mike boggild,male,male
nancy,,ter bogt,nancy ter bogt,female,female
michael,,boland,michael boland,male,male
nienke,,bolk,nienke bolk,female,unknown
michel,,bolla,michel bolla,male,unknown
yvonne,,bombard,yvonne bombard,female,female
kaare,harald,bønaa,kaare harald bønaa,unknown,male
valérie,,bonadona,valérie bonadona,female,unknown
james,,bonner,james bonner,male,male
ronald,,booth,ronald booth,male,male
suresh,,boppana,suresh boppana,male,male
ann,,borzecki,ann borzecki,female,female
michael,,bosse,michael bosse,male,male
georg,,bosshard,georg bosshard,male,unknown
sophie,,bostock,sophie bostock,female,female
emmanuel,,bottieau,emmanuel bottieau,male,male
judy,,boughey,judy boughey,female,female
ebony,,boulware, ebony boulware,female,unknown
fabienne,,bourgeois,fabienne bourgeois,female,female
homer,,boushey,homer boushey,male,male
marie-germaine,,bousser,marie-germaine bousser,male,unknown
florent,,boutitie,florent boutitie,male,male
mark,,bower,mark bower,male,male
allison,,brashear,allison brashear,female,unknown
simona,,bratu,simona bratu,female,female
carmen,,brauer,carmen brauer,female,unknown
hermann,,brenner,hermann brenner,male,male
lizzy,,brewster,lizzy brewster,female,female
pierre-olivier,,bridevaux,pierre-olivier bridevaux,male,unknown
becky,,briesacher,becky briesacher,female,female
benno,,brinkhaus,benno brinkhaus,male,male
jesper,,brok,jesper brok,male,male
alan,,brookhart, alan brookhart,male,male
josiane,,broussard,josiane broussard,female,female
margaret,,brousseau,margaret brousseau,female,female
ingeborg,,brouwer,ingeborg brouwer,female,female
jeremy,,brown,jeremy brown,male,male
linda,,brubaker,linda brubaker,female,female
wendy,,bruening,wendy bruening,female,female
jasper,,brugts,jasper brugts,male,unknown
frank,,brunkhorst,frank brunkhorst,male,male
jennifer,,bryce,jennifer bryce,female,female
heiner,,bucher,heiner bucher,male,male
aron,,buchman,aron buchman,male,unknown
henry,,buchwald,henry buchwald,male,male
brian,,buijsse,brian buijsse,male,male
aumphornpun,,buavirat,aumphornpun buavirat,female,unknown
harry,,büller,harry büller,male,male
charles,,burant,charles burant,male,male
gerd,,burmester,gerd burmester,male,unknown
john,,burn,john burn,male,male
matthew,,burton,matthew burton,male,male
dale,,burwen,dale burwen,male,unknown
christopher,,butler,christopher butler,male,male
adeel,,butt,adeel butt,male,male
debra,,butt,debra butt,female,female
jim,,buttery,jim buttery,male,male
jill,,buyon,jill buyon,female,female
saundra,,buys,saundra buys,female,female
robert,,byrne,robert byrne,male,male
pietro,,caironi,pietro caironi,male,male
amy,,calabrese,amy calabrese,female,female
minal,,calışkan,minal calışkan,female,female
guy,,van camp,guy van camp,male,male
christopher,,cannon,christopher cannon,male,male
chris,,cardwell,chris cardwell,male,unknown
iain,,carey,iain carey,male,male
yehuda,,carmeli,yehuda carmeli,male,male
mercedes,,carnethon,mercedes carnethon,female,female
jordi,,carratalà,jordi carratalà,male,unknown
margaret,,carroll,margaret carroll,female,female
gregory,,carter,gregory carter,male,male
barry,,carter,barry carter,male,male
aleesa,,carter,aleesa carter,female,female
nicole,,casadevall,nicole casadevall,female,female
michael,,casaer,michael casaer,male,male
lawrence,,casalino,lawrence casalino,male,male
jackie,,cassell,jackie cassell,female,unknown
xavier,,castellsagué,xavier castellsagué,male,male
xavier,,castellanos, xavier castellanos,male,male
philip,,castle,philip castle,male,male
victor,,castro,victor castro,male,male
aaron,,caughey,aaron caughey,male,male
jane,,cauley,jane cauley,female,female
joanne,,cecil,joanne cecil,female,female
usha,,chakravarthy,usha chakravarthy,female,female
eliza,,chakravarty,eliza chakravarty,female,female
naga,,chalasani,naga chalasani,male,unknown
melanie,,chalder,melanie chalder,female,female
christina,,chambers,christina chambers,female,female
henry,lik-yuen,chan,henry lik-yuen chan,male,male
an-wen,,chan,an-wen chan,male,unknown
andrew,,chan,andrew chan,male,male
paul,,chan,paul chan,male,male
kit,yee,chan,kit yee chan,female,unknown
juliana,,chan,juliana chan,female,female
patricia,,chang,patricia chang,female,female
ranee,,chatterjee,ranee chatterjee,female,female
samena,,chaudhry,samena chaudhry,female,female
sarwat,,chaudhry,sarwat chaudhry,female,unknown
chi-ling,,chen,chi-ling chen,unknown,unknown
yu,,chen,yu chen,female,unknown
lena,,chen,lena chen,female,female
mark,,chen,mark chen,male,male
jin-shing,,chen,jin-shing chen,male,unknown
bao-quan,,cheng,bao-quan cheng,male,unknown
alexander,,chester,alexander chester,male,male
helen,,chew,helen chew,female,female
helen,,cheyne,helen cheyne,female,female
elizabeth,,chiao,elizabeth chiao,female,female
john,,childs,john childs,male,male
chor-sang,,chim,chor-sang chim,male,unknown
patrick,,chinnery,patrick chinnery,male,male
iacopo,,chiodini,iacopo chiodini,male,unknown
elaine,,chiquette,elaine chiquette,female,female
rowan,,chlebowski,rowan chlebowski,male,unknown
eunyoung,,cho,eunyoung cho,female,unknown
hyon,,choi,hyon choi,male,male
elaine,w-t,chong,elaine w-t chong,female,female
niteesh,,choudhry,niteesh choudhry,male,unknown
mahbub,elahi,chowdhury,mahbub elahi chowdhury,male,unknown
gerardo,,chowell,gerardo chowell,male,male
william,,christen,william christen,male,male
leslie,,christenson,leslie christenson,female,unknown
mei,,chung,mei chung,female,female
sheng-chia,,chung,sheng-chia chung,female,unknown
marco,,cicardi,marco cicardi,male,male
andrea,,cipriani,andrea cipriani,female,unknown
sebahattin,,cirak,sebahattin cirak,male,unknown
roberto,,civitelli,roberto civitelli,male,male
robert,,clarke,robert clarke,male,male
thomas,,clasen,thomas clasen,male,male
paul,,cleary,paul cleary,male,male
john,,cleland,john cleland,male,male
denis,,clement,denis clement,male,unknown
fiona,,clement,fiona clement,female,female
patrick,,clyde,patrick clyde,male,male
sven,,cnattingius,sven cnattingius,male,male
sarah,,cockayne,sarah cockayne,female,female
alexander,,cohen,alexander cohen,male,male
anna,,cohen,anna cohen,female,female
myron,,cohen,myron cohen,male,unknown
steven,,cohen,steven cohen,male,male
nananda,,col,nananda col,female,unknown
robert,,coleman,robert coleman,male,male
tracie,,collins,tracie collins,female,female
ian,,colman,ian colman,male,male
alain,,combes,alain combes,male,male
laura,,conklin,laura conklin,female,female
gary,,cook,gary cook,male,male
nancy,,cook,nancy cook,female,female
filip,,cools,filip cools,male,male
nicola,,cooper,nicola cooper,female,unknown
william,,cooper,william cooper,male,male
bruce,,cooper,bruce cooper,male,male
elizabeth,,corbett,elizabeth corbett,female,female
marilyn,,cornelis,marilyn cornelis,female,female
patricia,,cornish,patricia cornish,female,female
vicente,,corrales-medina,vicente corrales-medina,male,male
andrew,,correia,andrew correia,male,male
howard,,corwin,howard corwin,male,male
felicia,,cosman,felicia cosman,female,female
kate,,costeloe,kate costeloe,female,female
karen,,costenbader,karen costenbader,female,female
pierre,,côté,pierre côté,male,male
peter,,cotton,peter cotton,male,male
yaya,,coulibaly,yaya coulibaly,male,male
steven,,counsell,steven counsell,male,male
carol,,coupland,carol coupland,female,unknown
anita,,courcoulas,anita courcoulas,female,female
joanna,,cowell, joanna cowell,female,female
karen,,cowgill,karen cowgill,female,female
benjamin,,cowling,benjamin cowling,male,male
carolyn,,crandall,carolyn crandall,female,female
paul,,crane,paul crane,male,male
ian,,roberts,ian roberts,male,male
mike,,crawford,mike crawford,male,male
bronwyn,,crawford,bronwyn crawford,female,female
jenny,,cresswell,jenny cresswell,female,female
jennifer,,croswell,jennifer croswell,female,female
lia,,crotti,lia crotti,female,female
caroline,,crowther,caroline crowther,female,female
nancy,,crum-cianflone,nancy crum-cianflone,female,female
maria-teresa,,cuddihy,maria-teresa cuddihy,female,unknown
jennifer,,cummings,jennifer cummings,female,female
steven,,cummings,steven cummings,male,male
jeffrey,,cummings,jeffrey cummings,male,male
gary,,curhan,gary curhan,male,male
lesley,,curtis,lesley curtis,female,unknown
marcelo,,cypel,marcelo cypel,male,male
aaron,,cypess,aaron cypess,male,male
valérie,,d'acremont,valérie d'acremont,female,unknown
erika,,d'agata,erika d'agata,female,female
gilles,,dagenais,gilles dagenais,male,male
issa,,dahabreh,issa dahabreh,male,unknown
morten,,dahl,morten dahl,male,male
cher,,dallal,cher dallal,female,unknown
goodarz,,danaei,goodarz danaei,male,unknown
nick,,daneman,nick daneman,male,male
sandeep,,dave,sandeep dave,male,unknown
michael,,davidson,michael davidson,male,male
bruce,,davidson,bruce davidson,male,male
helen,,davies,helen davies,female,female
martha,,daviglus,martha daviglus,female,female
peter,,davis,peter davis,male,male
terry,,davis,terry davis,female,unknown
susan,,davis,susan davis,female,female
philip,,davis,philip davis,male,male
gustavo,,dayan,gustavo dayan,male,male
marieke,,de groot,marieke de groot,female,female
peter,,de leeuw,peter de leeuw,male,male
james,,de lemos,james de lemos,male,male
marcos,,de lima,marcos de lima,male,male
giuseppe,,de luca,giuseppe de luca,male,male
janne,,de ruyter,janne de ruyter,female,female
pernette,,de sauvage nolting,pernette de sauvage nolting,female,unknown
douglas,,decarolis,douglas decarolis,male,male
hervé,,decousus,hervé decousus,male,unknown
christopher,,defilippi,christopher defilippi,male,male
george,,demetri,george demetri,male,male
linda,,demma,linda demma,female,female
leslie,,dennis,leslie dennis,female,unknown
francesco,,dentali,francesco dentali,male,male
rajat,,deo,rajat deo,male,male
evelyn,,depoortere,evelyn depoortere,female,female
sanjay,,desai,sanjay desai,male,male
stephanie,,devaney,stephanie devaney,female,female
valérie,,devauchelle-pensec,valérie devauchelle-pensec,female,unknown
kent,,dezee,kent dezee,male,male
emanuele,,di angelantonio,emanuele di angelantonio,male,male
gian,luca,di tanna,gian luca di tanna,male,male
howard,,dickler,howard dickler,male,male
volker,,diehl,volker diehl,male,unknown
susan,,diem,susan diem,female,female
binh,an,diep,binh an diep,male,unknown
allen,,dietrich,allen dietrich,male,male
daniel,,dindo,daniel dindo,male,male
luc,,djoussé,luc djoussé,male,male
dorcas,,dobie,dorcas dobie,female,female
harald,,dobnig,harald dobnig,male,male
sara,,dolan,sara dolan,female,female
michael,,domanski,michael domanski,male,male
james,,donahue,james donahue,male,male
deborah,,donnell,deborah donnell,female,female
julie,,donohue,julie donohue,female,female
jacques,,donzé,jacques donzé,male,unknown
eddy,,van doorslaer,eddy van doorslaer,male,unknown
susan,,dorman,susan dorman,female,female
john,,dormandy,john dormandy,male,male
colin,,dormuth,colin dormuth,male,male
ian,,douglas,ian douglas,male,male
james,,douketis,james douketis,male,male
duska,,dragun,duska dragun,female,female
dimitri,,drekonja,dimitri drekonja,male,unknown
jane,,driver,jane driver,female,female
francis,,drobniewski,francis drobniewski,male,unknown
aloysius,,d'souza,aloysius d'souza,male,male
jean-michel,,dubernard,jean-michel dubernard,male,unknown
antoine,,duclos,antoine duclos,male,unknown
mark,,duffy,mark duffy,male,male
priya,,duggal,priya duggal,female,female
trevor,,duke,trevor duke,male,male
shannon,,dunlay,shannon dunlay,female,unknown
kieron,,dunleavy,kieron dunleavy,male,male
andrew,,dunn,andrew dunn,male,male
patricia,,cane,patricia cane,female,female
matthew,,dupre,matthew dupre,male,male
emanuele,,durante-mangoni,emanuele durante-mangoni,male,male
jane,,durga,jane durga,female,female
xavier,,duval,xavier duval,male,male
liselotte,,dyrbye,liselotte dyrbye,female,unknown
kim,,eagle,kim eagle,female,unknown
mary,,eapen,mary eapen,female,female
cara,,ebbeling,cara ebbeling,female,female
michael,,eber,michael eber,male,male
david,,eddy,david eddy,male,male
karen,,edmond,karen edmond,female,female
kathryn,,edwards,kathryn edwards,female,female
leonard,,egede,leonard egede,male,male
kazuo,,eguchi,kazuo eguchi,male,male
georg,,ehret,georg ehret,male,unknown
susan,,ehringhaus,susan ehringhaus,female,female
hartmut,,ehrlich,hartmut ehrlich,male,unknown
sabine,,eichinger,sabine eichinger,female,female
lisa,,einhorn,lisa einhorn,female,female
magnus,,ekström,magnus ekström,male,male
nabila,,el-bassel,nabila el-bassel,female,female
ismail,,el-hamamsy,ismail el-hamamsy,male,male
heather,,eliassen, heather eliassen,female,female
mitchell,,elkind,mitchell elkind,male,male
joseph,,elmunzer, joseph elmunzer,male,male
linda,,elting,linda elting,female,female
ezekiel,,emanuel,ezekiel emanuel,male,male
peter,,embi,peter embi,male,male
carolyn,,emery,carolyn emery,female,female
murat,,emre,murat emre,male,male
andreas,,engert,andreas engert,male,male
renata,,engler,renata engler,female,female
mike,,english,mike english,male,male
kristine,,ensrud,kristine ensrud,female,female
jonas,,eriksson,jonas eriksson,male,male
timo,,erkinjuntti,timo erkinjuntti,male,male
mark,,espeland,mark espeland,male,male
katherine,,esposito,katherine esposito,female,female
vidal,,essebag,vidal essebag,male,male
andrés,,esteban,andrés esteban,male,unknown
bruce,,ettinger,bruce ettinger,male,male
jason,,evans,jason evans,male,male
hazel,,everitt,hazel everitt,female,unknown
justin,,ezekowitz,justin ezekowitz,male,male
karl,,fagerström,karl fagerström,male,male
ann,,falsey,ann falsey,female,female
cheng,,fan,cheng fan,female,unknown
maryam,,farvid,maryam farvid,female,female
wildon,,farwell,wildon farwell,male,male
farshad,,farzadfar,farshad farzadfar,male,male
mina,,fazel,mina fazel,female,unknown
brian,,feagan,brian feagan,male,male
catherine,,féart,catherine féart,female,female
alex,,federman,alex federman,male,unknown
ted,,feldman,ted feldman,male,male
david,,felson,david felson,male,male
mark,,fendrick, mark fendrick,male,male
joshua,,fenton,joshua fenton,male,male
mark,,ferguson,mark ferguson,male,male
dean,,fergusson,dean fergusson,male,unknown
harm,,feringa,harm feringa,male,male
lia,,fernald,lia fernald,female,female
helen,,fernandez,helen fernandez,female,female
edouard,,ferrand,edouard ferrand,male,male
jeanne,,ferrante,jeanne ferrante,female,female
isabel,,ferreira,isabel ferreira,female,unknown
donna,,fick,donna fick,female,female
jean-noel,,fiessinger,jean-noel fiessinger,male,unknown
véronique,,filippi,véronique filippi,female,unknown
howard,,fink,howard fink,male,male
eric,,finkelstein,eric finkelstein,male,male
patrik,,finne,patrik finne,male,male
kirstin,,finning,kirstin finning,female,female
mariel,,finucane,mariel finucane,female,unknown
lorenz,,fischer,lorenz fischer,male,male
michael,,fischer,michael fischer,male,male
steven,,fishbane,steven fishbane,male,male
elliott,,fisher,elliott fisher,male,unknown
katherine,,flegal,katherine flegal,female,female
roy,,fleischmann,roy fleischmann,male,male
david,,flockhart,david flockhart,male,male
kathryn,,flynn,kathryn flynn,female,female
aaron,,folsom,aaron folsom,male,male
gregg,,fonarow,gregg fonarow,male,male
tamara,,fong,tamara fong,female,female
ian,,ford,ian ford,unknown,male
alexander,,ford,alexander ford,male,male
earl,,ford,earl ford,male,male
john,,forman,john forman,male,male
stephen,,fortmann,stephen fortmann,male,male
robert,,fowler,robert fowler,male,male
robbie,,foy,robbie foy,male,unknown
liana,,fraenkel,liana fraenkel,female,female
charles,,francis,charles francis,male,male
manuel,,franco,manuel franco,male,male
paul,,franks,paul franks,male,male
charles,,fraser,charles fraser,male,male
susan,,frayne,susan frayne,female,female
sarah,,frech,sarah frech,female,female
lisa,,fredman,lisa fredman,female,female
stephen,,freedman,stephen freedman,male,male
matthew,,freiberg,matthew freiberg,male,male
leif,,friberg,leif friberg,male,male
terri,,fried,terri fried,female,female
andreas,,fritsche,andreas fritsche,male,male
dominick,,frosch,dominick frosch,male,male
lars,,frost,lars frost,male,male
rongwei,,fu,rongwei fu,female,unknown
lorenzo,,fuccio,lorenzo fuccio,male,male
nina,,fudge,nina fudge,female,female
milford,,fulop,milford fulop,male,male
shahinaz,,gadalla,shahinaz gadalla,female,unknown
anat,,gafter-gvili,anat gafter-gvili,female,female
william,,gahl,william gahl,male,male
steven,,galetta,steven galetta,male,male
karin,,galil,karin galil,female,female
teresa,,gallagher,teresa gallagher,female,female
thomas,,gallagher,thomas gallagher,male,male
massimo,,galli,massimo galli,male,male
john,,gallin,john gallin,male,male
joseph,,gallo,joseph gallo,male,male
gunjan,,gandhi,gunjan gandhi,male,unknown
hai-nv,,gao,hai-nv gao,female,unknown
lourdes,,garcia-garcia,lourdes garcia-garcia,female,female
christopher,,gardner,christopher gardner,male,male
rebekah,,gardner,rebekah gardner,female,female
judith,,garrard,judith garrard,female,female
tiffany,,gary,tiffany gary,female,female
luigi,,gatta,luigi gatta,male,male
joan,,gavaldà,joan gavaldà,female,unknown
thomas,,geisbert,thomas geisbert,male,male
joel,,gelfand,joel gelfand,male,male
elvin,,geng,elvin geng,male,unknown
janneane,,gent,janneane gent,female,unknown
jeffrey,,gerber,jeffrey gerber,male,male
hertzel,,gerstein,hertzel gerstein,male,unknown
tara,bridget,giblin,tara bridget giblin,female,female
martine,,gilard,martine gilard,female,unknown
thomas,,gill,thomas gill,male,male
kirrin,,gill,kirrin gill,female,unknown
christopher,,gill,christopher gill,male,male
clare,,gillies,clare gillies,female,unknown
david,,gilligan,david gilligan,male,male
ian,,gilron,ian gilron,male,male
erik,,giltay,erik giltay,male,male
adit,,ginde,adit ginde,male,male
laura,,gitlin,laura gitlin,female,female
robert,,giugliano,robert giugliano,male,male
armando,,giuliano,armando giuliano,male,male
svein,,gjelstad,svein gjelstad,male,unknown
anna,,glasier,anna glasier,female,female
alexander,,glassman,alexander glassman,male,male
cathryn,,glazener,cathryn glazener,female,female
robert,,glynn,robert glynn,male,male
michael,,gnant,michael gnant,male,male
alan,,go,alan go,male,male
david,,goff,david goff,male,male
barbara,,goff,barbara goff,female,female
siddhartha,,gogia,siddhartha gogia,male,male
yoav,,golan,yoav golan,male,male
michael,,goldacre,michael goldacre,male,male
raphaela,,goldbach-mansky,raphaela goldbach-mansky,female,female
david,,golden,david golden,male,male
ilan,,goldenberg,ilan goldenberg,male,male
keith,,goldfeld,keith goldfeld,male,male
samuel,,goldhaber,samuel goldhaber,male,male
sue,,goldie,sue goldie,female,female
gregg,,goldin,gregg goldin,male,male
dana,,goldman,dana goldman,female,unknown
john,,goldman,john goldman,male,male
allan,,goldman,allan goldman,male,male
ralph,,gonzales,ralph gonzales,male,male
william,,goodson,william goodson,male,male
james,,goodwin,james goodwin,male,male
herman,,goossens,herman goossens,male,male
ravi,,gopal,ravi gopal,male,male
ram,,gordon,ram gordon,male,male
nicoletta,,gossger,nicoletta gossger,female,female
john,,gottdiener,john gottdiener,male,male
daniel,,gottlieb,daniel gottlieb,male,male
jeffrey,,gould,jeffrey gould,male,male
judith,,graat,judith graat,female,female
maud,,graff,maud graff,female,female
david,,grande,david grande,male,male
christopher,,granger,christopher granger,male,male
bradi,,granger,bradi granger,female,female
reuben,,granich,reuben granich,male,male
alison,,grant,alison grant,female,female
richard,,grant,richard grant,male,male
giulia,,greco,giulia greco,female,female
robert,,green,robert green,male,male
john,,green,john green,male,male
sheldon,,greenfield,sheldon greenfield,male,unknown
nancy,,greengold,nancy greengold,female,female
kurt,,greenlund,kurt greenlund,male,male
nancy,,greer,nancy greer,female,female
edward,,gregg,edward gregg,male,male
paul,,griffiths,paul griffiths,male,male
stefano,,grifoni,stefano grifoni,male,male
beatriz,,grinsztejn,beatriz grinsztejn,female,female
francine,,grodstein,francine grodstein,female,female
joshua,,groman,joshua groman,male,male
robert,,gross,robert gross,male,male
david,,grossman,david grossman,male,male
steven,,grover,steven grover,male,male
hajo,,grundmann,hajo grundmann,male,unknown
mary,,grzybowski,mary grzybowski,female,female
francisco,,guarner,francisco guarner,male,male
james,,guevara,james guevara,male,male
hitinder,,gurm,hitinder gurm,male,unknown
paul,,haber,paul haber,male,male
knut,,hagen,knut hagen,male,male
tyson,,hagen,tyson hagen,male,male
moti,,haim,moti haim,male,unknown
andy,,haines,andy haines,male,unknown
peter,,hajek,peter hajek,male,male
chanita,hughes,halbert,chanita hughes halbert,female,female
aron,,hall,aron hall,male,unknown
stein,,hallan,stein hallan,male,male
carmel,,halley,carmel halley,female,unknown
alison,,halliday,alison halliday,female,female
al,,hallstrom,al hallstrom,male,unknown
jari,,halonen,jari halonen,male,unknown
peder,,halvorsen,peder halvorsen,male,male
mark,,hamer,mark hamer,male,male
elizabeth,,haney,elizabeth haney,female,female
mary,,hannah,mary hannah,female,female
edward,,hannan,edward hannan,male,male
marisa,,hanney,marisa hanney,female,female
anna,,hansell,anna hansell,female,female
karen,,hansen,karen hansen,female,female
luke,,hansen,luke hansen,male,male
tanzina,,haque,tanzina haque,female,unknown
rebecca,,hardy,rebecca hardy,female,female
robert,,harrington,robert harrington,male,male
jeffrey,,harris,jeffrey harris,male,male
robert,,hart,robert hart,male,male
lisa,,hartling,lisa hartling,female,female
philip,,hashkes,philip hashkes,male,male
ziv,,haskal,ziv haskal,male,male
romana,,hasnain-wynia,romana hasnain-wynia,female,female
maija,,hassinen,maija hassinen,female,female
stephen,,hauser,stephen hauser,male,male
mary,,hawn,mary hawn,female,female
tomoshige,,hayashi,tomoshige hayashi,male,unknown
edward,,hayes,edward hayes,male,male
daniel,,hayes,daniel hayes,male,male
julia,,hayes,julia hayes,female,female
feng,,he,feng he,male,male
jenny,,head,jenny head,female,female
rory,,collins,rory collins,female,unknown
robert,,hecht,robert hecht,male,male
susan,,heckbert,susan heckbert,female,female
michelle,,hecker,michelle hecker,female,female
jan,,heeringa,jan heeringa,male,unknown
asefeh,,heiat,asefeh heiat,female,unknown
robert,,heine,robert heine,male,male
michele,,heisler,michele heisler,female,unknown
harry,,hemingway,harry hemingway,male,male
marleen,,hendriks,marleen hendriks,female,female
carl,,heneghan,carl heneghan,male,male
claudia,,henschke,claudia henschke,female,female
matthew,,hepburn,matthew hepburn,male,male
raoul,,herbrecht,raoul herbrecht,male,male
jane,,herlihy,jane herlihy,female,female
luke,,hermann,luke hermann,male,male
barbara,,herwaldt,barbara herwaldt,female,female
eva,,herweijer,eva herweijer,female,female
stanley,,heshka,stanley heshka,male,male
bradford,,hesse,bradford hesse,male,male
vera,,heydendael,vera heydendael,female,female
gerald,,hickson,gerald hickson,male,male
levita,,hidayat,levita hidayat,female,female
takahiro,,higashi,takahiro higashi,male,male
jonathan,,hill,jonathan hill,male,male
kenneth,,hill,kenneth hill,male,male
kevin,,hill,kevin hill,male,male
sarah,,hilmer,sarah hilmer,female,female
daniel,,hind,daniel hind,male,male
alan,,hinderliter,alan hinderliter,male,male
gideon,,hirschfield,gideon hirschfield,male,male
harriet,,hiscock,harriet hiscock,female,female
anders,,hjern,anders hjern,male,male
alan,,ho,alan ho,male,male
michael,,ho, michael ho,male,male
susan,,hocevar,susan hocevar,female,female
pat,,hoddinott,pat hoddinott,male,unknown
mary,,hoelscher,mary hoelscher,female,female
kerstin,,hogg,kerstin hogg,female,female
stefan,,hohnloser,stefan hohnloser,male,male
anne,,holbrook,anne holbrook,female,female
hallvard,,holdaas,hallvard holdaas,male,unknown
priscilla,,hollander,priscilla hollander,female,female
rury,,holman,rury holman,male,male
william,,holmes,william holmes,male,male
michael,,holmes,michael holmes,male,male
jon-erik,,holty,jon-erik holty,male,unknown
honest,,honest,honest honest,unknown,unknown
eva,,lonn,eva lonn,female,female
karl,,horvath,karl horvath,male,male
david,,hostler,david hostler,male,male
matthew,,hotopf,matthew hotopf,male,male
sherilyn,,houle,sherilyn houle,female,female
barbara,,howard,barbara howard,female,female
philippa,,howden-chapman,philippa howden-chapman,female,female
amanda,,howerton,amanda howerton,female,female
kenneth,,holroyd,kenneth holroyd,male,male
marilyn,,hravnak,marilyn hravnak,female,female
matthew,,hsieh,matthew hsieh,male,male
chi-yuan,,hsu,chi-yuan hsu,male,unknown
frank,,hu,frank hu,male,male
gang,,hu,gang hu,male,unknown
jim,,hu,jim hu,male,male
alison,,huang,alison huang,female,female
susan,,huang,susan huang,female,female
elbert,,huang,elbert huang,male,male
rebecca,,hubbard,rebecca hubbard,female,female
melissa,,hudson,melissa hudson,female,female
jeff,,huffman,jeff huffman,male,male
tim,,hughes,tim hughes,male,male
richard,,hughes,richard hughes,male,male
anja,,huizink,anja huizink,female,female
michael,,hummel,michael hummel,male,male
linda,,humphrey,linda humphrey,female,female
chien-ching,,hung,chien-ching hung,male,unknown
brian,,hurley,brian hurley,male,male
charles,,huskins, charles huskins,male,male
gero,,hütter,gero hütter,male,male
rachel,,huxley,rachel huxley,female,female
frederik,,hvid-jensen,frederik hvid-jensen,male,male
anders,,hviid,anders hviid,male,male
emily,,hyle,emily hyle,female,female
luisa,,ibáñez,luisa ibáñez,female,female
masayuki,,ikeda,masayuki ikeda,male,male
judy,,illes,judy illes,female,female
thomas,,imperiale,thomas imperiale,male,male
lawrence,,impey,lawrence impey,male,male
sharon,,inouye,sharon inouye,female,female
marco,,inzitari,marco inzitari,male,male
brian,,isetts,brian isetts,male,male
farhad,,islami,farhad islami,male,male
hiroyasu,,iso,hiroyasu iso,unknown,unknown
andrew,,jackson,andrew jackson,male,male
eric,,jacobs,eric jacobs,male,male
poul,harboe,jacobsen,poul harboe jacobsen,male,male
steven,,jacobsen,steven jacobsen,male,male
vanessa,,jacoby,vanessa jacoby,female,female
tazeen,,jafar,tazeen jafar,female,unknown
nadim,,jafri,nadim jafri,male,male
haseeb,,jafri,haseeb jafri,male,male
reshma,,jagsi,reshma jagsi,female,female
rajiv,,jain,rajiv jain,male,male
mrudula,,jakkula,mrudula jakkula,female,unknown
sophie,,jamal,sophie jamal,female,female
matthew,,james,matthew james,male,male
catriona,,jamieson,catriona jamieson,female,female
konrad,,jamrozik,konrad jamrozik,male,male
karin,,janata,karin janata,female,female
marijke,,jansen-van der weide,marijke jansen-van der weide,female,female
james,,jarrett,james jarrett,male,male
robert,,jasmer,robert jasmer,male,male
sun,ha,jee,sun ha jee,male,unknown
barbara,,jefferis,barbara jefferis,female,female
tom,,jefferson,tom jefferson,male,male
petra,,jellema,petra jellema,female,female
timothy,,jenkins,timothy jenkins,male,male
donald,,jensen,donald jensen,male,male
janneke,,jentink,janneke jentink,female,unknown
peter,,jepsen,peter jepsen,male,male
anthony,,jerant,anthony jerant,male,male
junfang,,ji,junfang ji,female,unknown
rui,,jiang,rui jiang,unknown,unknown
li,,jiao,li jiao,unknown,unknown
bernd,,jilma,bernd jilma,male,male
david,,jiménez,david jiménez,male,male
mark,,jit,mark jit,male,male
jan-erik,,johansson,jan-erik johansson,male,unknown
kari,,johansson,kari johansson,female,unknown
bankole,,johnson,bankole johnson,male,unknown
kirsten,,johnson,kirsten johnson,female,female
claiborne,,johnston, claiborne johnston,male,unknown
sebastian,,johnston,sebastian johnston,male,male
bradley,,johnston,bradley johnston,male,male
pascal,,joly,pascal joly,male,male
daniel,,jones,daniel jones,male,male
edgar,,jones,edgar jones,male,male
ian,,jones,ian jones,male,male
hendrée,,jones,hendrée jones,female,unknown
christine,,jones,christine jones,female,female
philip,,jong,philip jong,male,male
tisha,,joy,tisha joy,female,female
geoffrey,,joyce,geoffrey joyce,male,male
karen,,joynt,karen joynt,female,female
philipp,,jungebluth,philipp jungebluth,male,male
jessie,,juusola,jessie juusola,female,unknown
peter,,kaboli,peter kaboli,male,male
guillaume,,kac,guillaume kac,male,male
allen,,kachalia,allen kachalia,male,male
nina,,kadan-lottick,nina kadan-lottick,female,female
hanna,,kaduszkiewicz,hanna kaduszkiewicz,female,female
nadya,,kagansky,nadya kagansky,female,female
alexander,,kainz,alexander kainz,male,male
christoph,,kaiser,christoph kaiser,male,male
andre,,kalil,andre kalil,male,unknown
alexander,,kallen,alexander kallen,male,male
pia,,kamstrup,pia kamstrup,female,female
alka,,kanaya,alka kanaya,female,female
young,ae,kang,young ae kang,female,unknown
jae,hee,kang,jae hee kang,female,unknown
liew,woei,kang,liew woei kang,male,unknown
shreya,,kangovi,shreya kangovi,female,female
susan,,kansagra,susan kansagra,female,female
fasiha,,kanwal,fasiha kanwal,female,unknown
joel,,karlinsky,joel karlinsky,male,male
harin,,karunajeewa,harin karunajeewa,male,male
stuart,,kassan,stuart kassan,male,male
adnan,,kastrati,adnan kastrati,male,male
kenji,,kato,kenji kato,male,unknown
padma,,kaul,padma kaul,female,female
rainu,,kaushal,rainu kaushal,female,unknown
maryam,,kavousi,maryam kavousi,female,female
jennifer,,kawwass,jennifer kawwass,female,female
kassoum,,kayentao,kassoum kayentao,male,unknown
sophia,,kazakova,sophia kazakova,female,female
dhruv,,kazi,dhruv kazi,male,male
clive,,kearon,clive kearon,male,male
florence,,keime-guibert,florence keime-guibert,female,female
amy,,kelley,amy kelley,female,female
john,,kellum,john kellum,male,male
aine,,kelly,aine kelly,female,female
catherine,,kelly,catherine kelly,female,female
alison,,kemp,alison kemp,female,female
adrian,,kendal,adrian kendal,male,unknown
friederike,,kendel,friederike kendel,female,unknown
tara,,kennedy,tara kennedy,female,female
lisa,,kenney,lisa kenney,female,female
chris,,kenyon,chris kenyon,male,unknown
kate,,kerber,kate kerber,female,female
price,,kerfoot, price kerfoot,male,male
karla,,kerlikowske,karla kerlikowske,female,female
eve,,kerr,eve kerr,female,female
miklos,,kertai,miklos kertai,male,male
aaron,,kesselheim,aaron kesselheim,male,male
mishal,sameer,khan,mishal sameer khan,female,unknown
nayer,,khazeni,nayer khazeni,female,unknown
kamlesh,,khunti,kamlesh khunti,male,unknown
gary,,kiebzak,gary kiebzak,male,male
helen,,killaspy,helen killaspy,female,female
hae,jin,kim,hae jin kim,female,female
jane,,kim,jane kim,female,female
michelle,,kim,michelle kim,female,female
caroline,,kim,caroline kim,female,female
alexa,,kimball,alexa kimball,female,female
stephen,,kimmel,stephen kimmel,male,male
nicholas,,king,nicholas king,male,male
paul,,kinnersley,paul kinnersley,male,male
sanjay,,kinra,sanjay kinra,male,male
ole,,kirk,ole kirk,male,male
christine,,kistler,christine kistler,female,female
brian,,kit,brian kit,male,male
mika,,kivimäki,mika kivimäki,male,unknown
eric,,klein,eric klein,male,male
leah,,kleinman,leah kleinman,female,female
frank,,kolodgie,frank kolodgie,unknown,male
frederikus,,klok,frederikus klok,male,unknown
karen,,kmetik,karen kmetik,female,female
christine,,knottenbelt,christine knottenbelt,female,female
kerry,,knox,kerry knox,female,unknown
sarah,,knox,sarah knox,female,female
nils,,knudsen,nils knudsen,male,male
cynthia,,ko,cynthia ko,female,female
dennis,,ko,dennis ko,male,male
fang,,ko,fang ko,female,unknown
brandon,,kohrt,brandon kohrt,unknown,male
gittan,,kollberg,gittan kollberg,female,unknown
stavros,,konstantinides,stavros konstantinides,male,male
michael,,koren,michael koren,male,male
john,,koreth,john koreth,male,male
claudio,,köser,claudio köser,male,male
mikhail,,kosiborod,mikhail kosiborod,male,male
csaba,,kovesdy,csaba kovesdy,unknown,unknown
ai,,koyanagi,ai koyanagi,female,unknown
roderik,,kraaijenhagen,roderik kraaijenhagen,male,unknown
judith,,kramer,judith kramer,female,female
joel,,kremer,joel kremer,male,male
rajesh,,krishna,rajesh krishna,male,male
eswar,,krishnan,eswar krishnan,male,unknown
levente,,kriston,levente kriston,male,male
stephen,,kritchevsky,stephen kritchevsky,male,male
axel,,kroeger,axel kroeger,male,male
gerald,,krueger,gerald krueger,male,male
utz,,krug,utz krug,male,unknown
marieke,,kruip,marieke kruip,female,female
henry,,krum,henry krum,male,male
samuel,,krumholz,samuel krumholz,male,male
abhijit,,kshirsagar,abhijit kshirsagar,male,male
leighton,,ku,leighton ku,female,unknown
nils,,kucher,nils kucher,male,male
lauren,,kucirka,lauren kucirka,female,unknown
felicitas,,kuehne,felicitas kuehne,female,female
christiane,,kuhl,christiane kuhl,female,female
todd,,kuiken,todd kuiken,male,male
shalini,,kulasingam,shalini kulasingam,female,female
shiriki,,kumanyika,shiriki kumanyika,female,unknown
rajesh,,kumar,rajesh kumar,male,male
geeta,trilok,kumar,geeta trilok kumar,female,female
tobias,,kurth,tobias kurth,male,male
janaki,,kuruppu,janaki kuruppu,female,female
ifedayo,,kuye,ifedayo kuye,male,unknown
elisabeth,,kvaavik,elisabeth kvaavik,female,female
marina,,kvaskoff,marina kvaskoff,female,female
kenneth,,labresh,kenneth labresh,male,male
clifton,,lacy,clifton lacy,male,male
tara,,lagu,tara lagu,female,female
loren,,laine,loren laine,male,unknown
susan,,lakoski,susan lakoski,female,female
jameson,,lam,jameson lam,male,unknown
hon-ming,,lam,hon-ming lam,male,unknown
gervasio,,lamas,gervasio lamas,male,unknown
ola,,landgren,ola landgren,male,unknown
francesco,,landi,francesco landi,male,male
bruce,,landon,bruce landon,male,male
karl,,landorf,karl landorf,male,male
nancy,,lane,nancy lane,female,female
leslie,,lange,leslie lange,female,unknown
robert,,langer,robert langer,male,male
nancy,,lapointe,nancy lapointe,female,female
thérèse,,lapperre,thérèse lapperre,female,unknown
claus,,larsen,claus larsen,male,male
susanna,,larsson,susanna larsson,female,female
james,,lau,james lau,male,male
michael,,lauer,michael lauer,male,male
jari,,laukkanen,jari laukkanen,male,unknown
bernard,,laumon,bernard laumon,male,male
odile,,launay,odile launay,female,female
eric,,lawitz,eric lawitz,male,male
debbie,,lawlor,debbie lawlor,female,female
geoff,,lawrenson,geoff lawrenson,male,male
john,,lazarus,john lazarus,unknown,male
janice,,lea,janice lea,female,female
frank,,lederle,frank lederle,male,male
jonathan,,ledermann,jonathan ledermann,male,male
patrick,,lee,patrick lee,male,male
kaeng,,lee,kaeng lee,male,unknown
janet,,lee,janet lee,female,female
chuanfang,,lee,chuanfang lee,male,unknown
grace,,lee,grace lee,female,female
chong-do,,lee,chong-do lee,female,unknown
ingi,,lee,ingi lee,male,unknown
todd,,lee,todd lee,male,male
meng,,lee,meng lee,male,unknown
vernon,,lee,vernon lee,male,unknown
june-koo,,lee,june-koo lee,female,unknown
daniel,,leffler,daniel leffler,male,male
richard,,legro,richard legro,male,male
ginger,,lehrman,ginger lehrman,female,female
paul,,leigh, paul leigh,male,male
maarit,,leinonen,maarit leinonen,female,unknown
michael,,leitzmann,michael leitzmann,male,male
rozenn,,lemaitre,rozenn lemaitre,female,unknown
anthony,,lembo,anthony lembo,male,male
vanda,,lennon,vanda lennon,female,female
ralph,,leonard,ralph leonard,male,male
stephanie,,leong,stephanie leong,female,female
william,,leslie,william leslie,male,male
ka,lau,leung,ka lau leung,male,unknown
chi,,leung,chi leung,male,unknown
alexander,,leung,alexander leung,male,male
andrew,,levey,andrew levey,male,male
zohar,,levi,zohar levi,male,unknown
theodore,,levin,theodore levin,male,male
alexandra,,levine,alexandra levine,female,female
richard,,levine,richard levine,male,male
stewart,,levine,stewart levine,unknown,male
silvina,,levis,silvina levis,female,female
emily,,levitan,emily levitan,female,female
harvey,,levy,harvey levy,male,male
james,,lewis,james lewis,male,male
bruce,,lewis,bruce lewis,male,male
de-kun,,li,de-kun li,male,unknown
fuzhong,,li,fuzhong li,male,unknown
ming-hua,,li,ming-hua li,female,unknown
shanshan,,li,shanshan li,female,unknown
wen-qing,,li,wen-qing li,female,unknown
øjvind,,lidegaard,øjvind lidegaard,male,unknown
david,,lieberman,david lieberman,male,male
christian,,lienhardt,christian lienhardt,male,unknown
gerald,,liew,gerald liew,male,male
donald,,likosky,donald likosky,male,male
weonjeong,,lim,weonjeong lim,male,unknown
stephen,,lim,stephen lim,male,male
jin-ching,,lin,jin-ching lin,male,unknown
otto,,lin,otto lin,male,male
grace,,lin,grace lin,female,female
frank,,lin,frank lin,male,male
michael,,lincoff, michael lincoff,male,male
jeffrey,,linder,jeffrey linder,male,male
walter,,ling,walter ling,male,male
agnès,,linglart,agnès linglart,female,unknown
rosa,,liperoti,rosa liperoti,female,female
lorraine,,lipscombe,lorraine lipscombe,female,female
alan,,list,alan list,male,male
harold,,litt,harold litt,male,male
susan,,little,susan little,female,female
paul,,little,paul little,male,male
jien-wei,,liu,jien-wei liu,unknown,unknown
simin,,liu,simin liu,male,unknown
li,,liu,li liu,female,unknown
shan,,liu,shan liu,male,unknown
jian-meng,,liu,jian-meng liu,male,unknown
mari,,lloyd-williams,mari lloyd-williams,female,female
shahin,,lockman,shahin lockman,female,male
mark,,loeb,mark loeb,male,male
laura,,loertscher,laura loertscher,female,female
aaron,,logan,aaron logan,male,male
yoon,kong,loke,yoon kong loke,male,unknown
nicholas,,loman,nicholas loman,male,male
elisa,,long,elisa long,female,female
daniel,,longo,daniel longo,male,male
russell,,lonser,russell lonser,male,male
vivian,,loo,vivian loo,female,unknown
lenny,,lópez,lenny lópez,male,unknown
esther,,lopez-garcia,esther lopez-garcia,female,female
michel,,de lorgeril,michel de lorgeril,male,unknown
elena,,losina,elena losina,female,female
claudia,,lucchinetti,claudia lucchinetti,female,female
jean-christophe,,lucet,jean-christophe lucet,male,unknown
ciro,,luise,ciro luise,male,male
thomas,,luke,thomas luke,male,male
anne,,lusk,anne lusk,female,female
katherine,,luzuriaga,katherine luzuriaga,female,female
kathleen,,ly,kathleen ly,female,female
henry,,lynch,henry lynch,male,male
outi,,lyytikäinen,outi lyytikäinen,female,unknown
jun,,ma,jun ma,unknown,unknown
christine,,macarthur,christine macarthur,female,female
paolo,,macchiarini,paolo macchiarini,male,male
gary,,macfarlane,gary macfarlane,male,male
robert,,maclaren,robert maclaren,male,male
thomas,,maddox,thomas maddox,male,male
james,,madison,james madison,male,male
paula,,bolton-maggs,paula bolton-maggs,female,female
kenneth,,mahaffey,kenneth mahaffey,male,male
lourdes,,mahilum-tapay,lourdes mahilum-tapay,female,female
sumit,,majumdar,sumit majumdar,male,male
keijo,,mäkelä,keijo mäkelä,male,unknown
surbhi,,malhotra-kumar,surbhi malhotra-kumar,female,female
susmita,,mallik,susmita mallik,female,unknown
christian,,mallen,christian mallen,male,unknown
françois,,maltais,françois maltais,male,unknown
muhammad,,mamdani,muhammad mamdani,male,male
semira,,manaseki-holland,semira manaseki-holland,female,female
marilyn,,manco-johnson,marilyn manco-johnson,female,female
carol,,mancuso,carol mancuso,female,unknown
rita,,mangione-smith,rita mangione-smith,female,female
eric,,manheimer,eric manheimer,male,male
brett,,manley,brett manley,male,unknown
goya,,wannamethee, goya wannamethee,male,unknown
david,,mannino,david mannino,male,male
jonathan,,mant,jonathan mant,male,male
paolo,,manzoni,paolo manzoni,male,male
demetrius,,maraganore,demetrius maraganore,male,unknown
patrick,,marcellin,patrick marcellin,male,male
herbert,,marini,herbert marini,male,male
john,,maris,john maris,male,male
howard,,markel,howard markel,male,male
david,,maron,david maron,male,male
john,,marsden,john marsden,male,male
daniel,,martin,daniel martin,male,male
brook,,martin,brook martin,female,unknown
ida,,martinelli,ida martinelli,female,female
fernando,,martinez,fernando martinez,male,male
carlos,,martinez,carlos martinez,male,male
maría,elena,martínez,maría elena martínez,female,unknown
miguel-angel,,martínez-garcía,miguel-angel martínez-garcía,male,unknown
cesário,,martins,cesário martins,male,unknown
leo,,martis,leo martis,male,unknown
honorati,,masanja,honorati masanja,male,unknown
edoardo,,masset,edoardo masset,male,male
philip,,masters,philip masters,male,male
shlomo,,matetzky,shlomo matetzky,male,male
joseph,,mathew,joseph mathew,male,male
erin,,mathieu,erin mathieu,female,unknown
dan,,matlock,dan matlock,male,male
ilan,,matok,ilan matok,male,male
melissa,,mattison,melissa mattison,female,female
emma,,maund,emma maund,female,female
saverio,,maviglia,saverio maviglia,male,male
donna,,maziak,donna maziak,female,female
kathleen,,mazor,kathleen mazor,female,female
tim,,mcafee,tim mcafee,male,male
anne,,mccaffrey,anne mccaffrey,female,female
michael,,mcclung,michael mcclung,male,male
jeffrey,,mccombs,jeffrey mccombs,male,male
john,,mcconnell, john mcconnell,male,male
jane,,mccusker,jane mccusker,female,female
susan,,mcdaniel,susan mcdaniel,female,female
mary,mcgrae,mcdermott,mary mcgrae mcdermott,female,female
clifford,,mcdonald, clifford mcdonald,male,unknown
miles,,mcfall,miles mcfall,male,male
john,,mchutchison,john mchutchison,male,male
lauralyn,,mcintyre,lauralyn mcintyre,female,female
alex,,mcmahan, alex mcmahan,male,unknown
gearoid,,mcmahon,gearoid mcmahon,male,unknown
malcolm,,mctaggart,malcolm mctaggart,male,male
kathleen,,mctigue,kathleen mctigue,female,female
michael,,mcwilliams, michael mcwilliams,male,male
lillian,,meacham,lillian meacham,female,female
jennifer,,meddings,jennifer meddings,female,female
reena,,mehra,reena mehra,female,female
ateev,,mehrotra,ateev mehrotra,male,unknown
rajendra,,mehta,rajendra mehta,male,male
shamir,,mehta,shamir mehta,male,unknown
christian,,meier,christian meier,male,unknown
raphael,,meier,raphael meier,male,unknown
arnoud,,meijer, arnoud meijer,male,unknown
sabine,,meijvis,sabine meijvis,female,female
paul,,meis,paul meis,male,male
michal,,melamed,michal melamed,male,unknown
jan,,menne,jan menne,male,unknown
laura,,ment,laura ment,female,female
daniel,,menzies,daniel menzies,male,male
peter,,merkel,peter merkel,male,male
alan,,merry,alan merry,male,male
djamel,,messaad,djamel messaad,male,unknown
franz,,messerli,franz messerli,male,male
joshua,,metlay,joshua metlay,male,male
guy,,meyer,guy meyer,male,male
jeffrey,,meyerhardt,jeffrey meyerhardt,male,male
christian,,meyhoff,christian meyhoff,male,unknown
karin,,michels,karin michels,female,female
matthew,,miller,matthew miller,male,male
gregorio,,millett,gregorio millett,male,male
edward,,mills,edward mills,male,male
nicholas,,mills,nicholas mills,male,male
olivier,,mimoz,olivier mimoz,male,male
caroline,,minassian,caroline minassian,female,female
catherine,,minto,catherine minto,female,female
roberto,,minutolo,roberto minutolo,male,male
anita,,mistry,anita mistry,female,female
susan,,mitchell,susan mitchell,female,female
panagiota,,mitrou,panagiota mitrou,female,female
rebekah,,moehring,rebekah moehring,female,female
emile,,mohler,emile mohler,male,unknown
charlotte,,mollerup,charlotte mollerup,female,female
michael,,monroe,michael monroe,male,male
julio,,montaner,julio montaner,male,male
dennis,,mook-kanamori,dennis mook-kanamori,male,male
laurence,,moore,laurence moore,male,unknown
david,,moore,david moore,male,male
carlton,,moore,carlton moore,male,male
tamanna,,moore,tamanna moore,female,female
christopher,,moore,christopher moore,male,male
john,,morgan,john morgan,male,male
steven,,morgan,steven morgan,male,male
thomas,,morgan,thomas morgan,male,male
gareth,,morgan,gareth morgan,male,male
douglas,,morgan,douglas morgan,male,male
colin,,morley,colin morley,male,male
susan,,morpeth,susan morpeth,female,female
sheldon,,morris,sheldon morris,male,unknown
elizabeth,,morrison,elizabeth morrison,female,female
sean,,morrison, sean morrison,male,male
anthony,,morrison,anthony morrison,male,male
david,,morrow,david morrow,male,male
monica,,morrow,monica morrow,female,female
donald,,morton,donald morton,male,male
sue,,moss,sue moss,female,female
arthur,,moss,arthur moss,male,male
william,,mostertz,william mostertz,male,male
robert,,motzer,robert motzer,male,male
steven,,mou,steven mou,male,male
ronelle,,mouton,ronelle mouton,female,unknown
kris,,movig,kris movig,male,unknown
dariush,,mozaffarian,dariush mozaffarian,male,male
kenneth,,mukamal,kenneth mukamal,male,male
brian,,mulhall,brian mulhall,male,male
matthew,,muller,matthew muller,male,male
falk,,müller-riemenschneider,falk müller-riemenschneider,male,unknown
paul,,muntner,paul muntner,male,male
michael,,murray,michael murray,male,male
vivek,,murthy,vivek murthy,male,male
dominique,,musset,dominique musset,female,unknown
bisher,,mustafa,bisher mustafa,male,male
abimereki,,muzaale,abimereki muzaale,male,unknown
martin,,myers,martin myers,male,male
pauline,,mysliwiec,pauline mysliwiec,female,female
jean,,nachega,jean nachega,male,unknown
jeff,,nagge,jeff nagge,male,male
timothy,,naimi,timothy naimi,male,male
devi,,nampiaparampil,devi nampiaparampil,male,female
prabath,,nanayakkara,prabath nanayakkara,male,unknown
brian,,nankivell,brian nankivell,male,male
sonali,,narain,sonali narain,female,female
craig,,narins,craig narins,male,male
sundar,,natarajan,sundar natarajan,male,unknown
ann,marie,navar-boggan,ann marie navar-boggan,female,female
eliano,,navarese,eliano navarese,male,male
tim,,nawrot,tim nawrot,male,male
chima,,ndumele,chima ndumele,male,male
daniel,,nebert,daniel nebert,male,male
larissa,,nekhlyudov,larissa nekhlyudov,female,female
karin,,nelson,karin nelson,female,female
judith,,nelson,judith nelson,female,female
paul,,nelson,paul nelson,male,male
heidi,,nelson,heidi nelson,female,female
thomas,,neltner,thomas neltner,male,male
hannelore,,neuhauser,hannelore neuhauser,female,female
kathleen,,neuzil,kathleen neuzil,female,female
anne,,newman,anne newman,female,female
john,,newman,john newman,male,male
katherine,,newton,katherine newton,female,female
chaan,,ng,chaan ng,male,unknown
belinda,,ng,belinda ng,female,female
vanessa,,ng,vanessa ng,female,female
jeremiah,,ngondi,jeremiah ngondi,male,male
deborah,,nichols,deborah nichols,female,female
linda,olivia,nichols,linda olivia nichols,female,female
mitchell,,nides,mitchell nides,male,male
sune,,nielsen,sune nielsen,male,unknown
antonio,,nieto,antonio nieto,male,male
sanne,,nijhof,sanne nijhof,female,female
nobuyuki,,nishikiori,nobuyuki nishikiori,male,male
jun-ichi,,nishimura,jun-ichi nishimura,male,unknown
steven,,nissen,steven nissen,male,male
jane,,norman,jane norman,female,female
gary,,noskin,gary noskin,male,male
eha,,nurk,eha nurk,female,unknown
david,,nyweide,david nyweide,male,male
cara,,o'brien,cara o'brien,female,female
sean,,o'brien,sean o'brien,male,male
paul,,o'brien,paul o'brien,male,male
ira,,ockene,ira ockene,female,unknown
christopher,,o'connor,christopher o'connor,male,male
michelle,,odden,michelle odden,female,female
sam,,oddie,sam oddie,male,unknown
colin,,o'donnell,colin o'donnell,male,male
max,,o'donnell,max o'donnell,male,male
ibironke,,oduyebo,ibironke oduyebo,female,unknown
kevin,,oeffinger,kevin oeffinger,male,male
helmut,,oettle,helmut oettle,male,male
cynthia,,ogden,cynthia ogden,female,female
gbenga,,ogedegbe,gbenga ogedegbe,male,unknown
david,,ogilvie,david ogilvie,male,male
ann,,o'hare,ann o'hare,female,female
maurice,,ohayon,maurice ohayon,male,unknown
suzanne,,ohmit,suzanne ohmit,female,female
kanu,,okike,kanu okike,male,unknown
susan,,oliveria,susan oliveria,female,female
douglas,,olson,douglas olson,male,male
john,,o'meara,john o'meara,male,male
saad,,omer,saad omer,male,male
heyder,,omran,heyder omran,male,unknown
cheryl,,oncken,cheryl oncken,female,female
peck,,ong,peck ong,male,unknown
marcus,eng,ong,marcus eng ong,male,male
bregje,,onwuteaka-philipsen,bregje onwuteaka-philipsen,female,unknown
jan,jelrik,oosterheert,jan jelrik oosterheert,male,unknown
trevor,,orchard,trevor orchard,male,male
anath,,oren,anath oren,female,unknown
gretchen,,orosz,gretchen orosz,female,female
ragnhild,,ørstavik,ragnhild ørstavik,female,female
denise,,orwig,denise orwig,female,female
eric,,orwoll,eric orwoll,male,male
david,,ost,david ost,male,male
george,,ostapowicz,george ostapowicz,male,male
truls,,ostbye,truls ostbye,male,unknown
jan,,ostermann,jan ostermann,male,unknown
glenn,,ostir,glenn ostir,male,male
geraldine,,o'sullivan,geraldine o'sullivan,female,female
kenneth,,ottenbacher,kenneth ottenbacher,male,male
jennifer,,otten,jennifer otten,female,female
amy,,oxentenko,amy oxentenko,female,female
madhukar,,pai,madhukar pai,male,unknown
frank,,palella,frank palella,male,male
suetonia,,palmer,suetonia palmer,female,unknown
scott,,palmer,scott palmer,male,male
tullio,,palmerini,tullio palmerini,male,male
paul,,palumbo,paul palumbo,male,male
katherine,,panageas,katherine panageas,female,female
jack,,paradise,jack paradise,male,male
iyer,,parameswaran, iyer parameswaran,male,unknown
antoine,,pariente,antoine pariente,male,unknown
jean,jacques,parienti,jean jacques parienti,male,unknown
yong-woo,,park,yong-woo park,male,unknown
yikyung,,park,yikyung park,female,unknown
catriona,,parker,catriona parker,female,female
roeline,,pasman, roeline pasman,female,unknown
patrick,,pasquina,patrick pasquina,male,male
harvey,,pass,harvey pass,male,male
dharmintra,,pasupathy,dharmintra pasupathy,male,unknown
taral,,patel,taral patel,male,unknown
amit,,patel,amit patel,male,unknown
debora,,paterniti,debora paterniti,female,female
carrie,,patnode,carrie patnode,female,female
gregory,,pattakos,gregory pattakos,male,male
christopher,,patterson,christopher patterson,male,male
edward,,patz,edward patz,male,male
marianne,,pavel,marianne pavel,female,female
behzad,,pavri,behzad pavri,male,unknown
nina,,paynter,nina paynter,female,female
sue,,pedersen,sue pedersen,female,female
deborah,,peikes,deborah peikes,female,female
fabio,,pellegrini,fabio pellegrini,male,male
michael,,pencina,michael pencina,male,male
anne,,pereira,anne pereira,female,female
mark,,pereira,mark pereira,male,male
rogelio,,perez-padilla,rogelio perez-padilla,male,male
esteban,,pérez-rodríguez,esteban pérez-rodríguez,male,male
trish,,perl,trish perl,female,female
adam,,perlman,adam perlman,male,male
stephen,,persell,stephen persell,male,male
john,victor,peter,john victor peter,male,male
thomas,,peterman,thomas peterman,male,male
barry,,peters,barry peters,male,male
jaime,,peters,jaime peters,female,unknown
ronald,,petersen,ronald petersen,male,male
janey,,peterson,janey peterson,female,female
pamela,,peterson,pamela peterson,female,female
wilco,,peul,wilco peul,male,unknown
hoangmai,,pham,hoangmai pham,female,unknown
paul,,pharoah,paul pharoah,male,male
andrew,,phillips,andrew phillips,male,male
michael,,phillips,michael phillips,male,male
werner,,pichler,werner pichler,male,male
perry,,pickhardt,perry pickhardt,male,unknown
luc,,piérard,luc piérard,male,male
john,,piette,john piette,male,male
anouk,,pijpe,anouk pijpe,female,female
paul,,pilkington,paul pilkington,male,male
mark,,pimentel,mark pimentel,male,male
rafael,zambelli,pinto,rafael zambelli pinto,male,male
munir,,pirmohamed,munir pirmohamed,male,male
margaret,,pisani,margaret pisani,female,female
tobias,,pischon,tobias pischon,male,male
kaisu,,pitkala,kaisu pitkala,female,unknown
isabelle,,pitrou,isabelle pitrou,female,female
bertram,,pitt,bertram pitt,male,male
david,,planer,david planer,male,male
johannes,,plank,johannes plank,male,male
mark,,pletcher,mark pletcher,male,male
sabine-gisela,,plötz,sabine-gisela plötz,female,unknown
katherine,,poehling,katherine poehling,female,female
robert,,post,robert post,male,male
shelley,,potter,shelley potter,female,unknown
jerry,,powell,jerry powell,male,unknown
benjamin,,powers,benjamin powers,male,male
paolo,,prandoni,paolo prandoni,male,male
ross,,prentice,ross prentice,male,male
matthew,,press,matthew press,male,male
richard,,prince,richard prince,male,male
monique,,prinssen,monique prinssen,female,female
allan,,prochazka,allan prochazka,male,male
philippe,,prokocimer,philippe prokocimer,male,male
paul,,pronyk,paul pronyk,male,male
sarah,,lewington,sarah lewington,female,female
adria,tassy,prosser,adria tassy prosser,female,female
veerle,,provoost,veerle provoost,female,unknown
roman,,prymula,roman prymula,male,male
ching-hon,,pui,ching-hon pui,male,unknown
christian,,putensen,christian putensen,male,unknown
rehan,,qayyum,rehan qayyum,male,male
qibin,,qi,qibin qi,male,unknown
xian,,qi,xian qi,male,unknown
ping,,qin,ping qin,male,unknown
lyn,,quine,lyn quine,female,unknown
james,,quinn,james quinn,male,male
nadeem,,qureshi,nadeem qureshi,male,male
klaus,,rabe,klaus rabe,male,male
marsha,,raebel,marsha raebel,female,female
gilbert,,raff,gilbert raff,male,male
james,,raftery,james raftery,male,male
mahboob,,rahman,mahboob rahman,male,unknown
najib,,rahman,najib rahman,male,male
timothy,,rainer,timothy rainer,male,male
greta,,rait,greta rait,female,female
anita,,raj,anita raj,female,female
olaide,,raji,olaide raji,male,unknown
christopher,,ramsden,christopher ramsden,male,male
thomas,,rasmussen,thomas rasmussen,male,male
wolfgang,,rathmann,wolfgang rathmann,male,male
rainer,,rauramaa,rainer rauramaa,male,unknown
sunanda,,ray,sunanda ray,unknown,unknown
wayne,,ray,wayne ray,male,male
eric,,raymond,eric raymond,male,male
annette,,reboli,annette reboli,female,female
diane,,reddy,diane reddy,female,female
susan,,redline,susan redline,female,female
mathew,,reeves,mathew reeves,male,male
gordon,,reeves,gordon reeves,male,male
stephan,,reichenbach,stephan reichenbach,male,male
ian,,reid,ian reid,male,male
david,,reid,david reid,male,male
john,,reilly,john reilly,male,male
david,,rein,david rein,male,male
ben,,reis,ben reis,male,male
christiane,,reitz,christiane reitz,female,female
raoul,,reulen,raoul reulen,male,male
sandra,,reuter,sandra reuter,female,female
harmony,,reynolds,harmony reynolds,female,female
karin,,rhodes,karin rhodes,female,female
brent,,richards, brent richards,male,male
philip,,riches,philip riches,male,male
sharon,,riddler,sharon riddler,female,female
paul,,ridker,paul ridker,male,male
rixt,,riemersma-van der lek,rixt riemersma-van der lek,female,unknown
judith,,rietjens,judith rietjens,female,female
john,,rigg,john rigg,male,male
lawrence,,riggs, lawrence riggs,male,male
marc,,righini,marc righini,male,male
ge,,ri-li,ge ri-li,unknown,unknown
ephraim,,rimon,ephraim rimon,male,male
gregory,,robbins,gregory robbins,male,male
lesley,,roberts,lesley roberts,female,unknown
tracy,,roberts,tracy roberts,female,unknown
james,,roberts,james roberts,male,male
laura,,robertson,laura robertson,female,female
andrew,,robinson,andrew robinson,male,male
cassianne,,robinson-cohen,cassianne robinson-cohen,female,unknown
mike,,robling,mike robling,male,male
nicolas,,rodondi,nicolas rodondi,male,male
laura,,rodrigues,laura rodrigues,female,female
juan,,llibre rodriguez,juan llibre rodriguez,male,male
josanna,,rodriguez,josanna rodriguez,female,female
gema,,rodríguez-trigo,gema rodríguez-trigo,female,female
mary,,rogers,mary rogers,female,female
david,,rojas-rueda,david rojas-rueda,male,male
mary,,roman,mary roman,female,female
antonino,,romano,antonino romano,male,male
guglielmo,,ronco,guglielmo ronco,male,unknown
annemieke,,roos,annemieke roos,female,unknown
jonathan,,rosand,jonathan rosand,male,male
peter,,rose,peter rose,male,male
natalie,,rose,natalie rose,female,female
antoni,,rosell,antoni rosell,male,male
julio,,rosenstock,julio rosenstock,male,male
meredith,,rosenthal,meredith rosenthal,female,unknown
victor,,rosenthal,victor rosenthal,male,male
lone,,ross,lone ross,female,male
joseph,,ross,joseph ross,male,male
christine,,roth,christine roth,female,female
michael,,rothberg,michael rothberg,male,male
russell,,rothman,russell rothman,male,male
jeffrey,,rothschild,jeffrey rothschild,male,male
john,,routes,john routes,male,male
rianne,,rozendaal,rianne rozendaal,female,female
haya,,rubin,haya rubin,female,female
hanna,bloomfield,rubins,hanna bloomfield rubins,female,female
diana,,rucker,diana rucker,female,female
igor,,rudan,igor rudan,male,male
alicja,,rudnicka,alicja rudnicka,female,female
luis,miguel,ruilope,luis miguel ruilope,male,male
andrew,,rule,andrew rule,male,male
mark,,rupp,mark rupp,male,male
minna,,rusanen,minna rusanen,female,female
frank,,ruschitzka,frank ruschitzka,male,male
louise,,russell,louise russell,female,female
george,,rust,george rust,male,male
paul,,rutgeerts,paul rutgeerts,male,male
eduardo,,saad,eduardo saad,male,male
jinan,,saaddine,jinan saaddine,unknown,unknown
david,,saadoun,david saadoun,male,male
jane,,saczynski,jane saczynski,female,female
kyan,,safavi,kyan safavi,male,unknown
monika,,safford,monika safford,female,female
debasish,,saha,debasish saha,male,unknown
saroj,,saigal,saroj saigal,female,unknown
eila,,sailas,eila sailas,female,female
sameer,,saini,sameer saini,male,male
toshikazu,,saito,toshikazu saito,male,unknown
jordi,,salas-salvadó,jordi salas-salvadó,male,unknown
faouzi,,saliba,faouzi saliba,male,unknown
shelley,,salpeter,shelley salpeter,female,unknown
daniel,,salter,daniel salter,male,male
carlo,,salvarani,carlo salvarani,male,male
charles,marc,samama,charles marc samama,male,male
william,,sandborn,william sandborn,male,male
gillian,,sanders,gillian sanders,female,female
manjinder,,sandhu,manjinder sandhu,male,male
taylor,,sandison,taylor sandison,male,unknown
alan,,sandler,alan sandler,male,male
prachi,,sanghavi,prachi sanghavi,female,female
jitender,,sareen,jitender sareen,male,unknown
peter,,sasieni,peter sasieni,male,male
yoshihiro,,sato,yoshihiro sato,male,male
pierre-yves,,scarabin,pierre-yves scarabin,male,unknown
matthew,,scarborough,matthew scarborough,male,male
nikolaos,,scarmeas,nikolaos scarmeas,male,male
richard,,schacterle,richard schacterle,male,male
sean,,schafer,sean schafer,male,male
debra,,schaumberg,debra schaumberg,female,female
elizabeth,sumamo,schellenberg,elizabeth sumamo schellenberg,female,female
georg,,schett,georg schett,male,unknown
gordon,,schiff,gordon schiff,male,male
giuseppe,,schillaci,giuseppe schillaci,male,male
mark,,schleinitz,mark schleinitz,male,male
kathryn,,schmitz,kathryn schmitz,female,female
lon,,schneider,lon schneider,male,male
eric,,schneider,eric schneider,male,male
jeffrey,,schnipper,jeffrey schnipper,male,male
lisette,,schoonhoven,lisette schoonhoven,female,female
john,,schousboe,john schousboe,male,male
henrike,,schouten,henrike schouten,female,unknown
martin,,schrappe,martin schrappe,male,male
christoph,,schroeder,christoph schroeder,male,male
sam,,schulman,sam schulman,male,unknown
julie,,schultz,julie schultz,female,female
jeremiah,,schuur,jeremiah schuur,male,male
lisa,,schwartz,lisa schwartz,female,female
mark,,schwartz,mark schwartz,male,male
jennifer,,schwartz,jennifer schwartz,female,female
thomas,,schwarz,thomas schwarz,male,male
jeffrey,,schwimmer,jeffrey schwimmer,male,male
benjamin,,scirica,benjamin scirica,male,male
anthony,,scott, anthony scott,male,male
anne,,scoular,anne scoular,female,female
malcolm,,sears,malcolm sears,male,male
leonardo,,sechi,leonardo sechi,male,male
johanna,,seddon,johanna seddon,female,female
gilda,,sedgh,gilda sedgh,female,female
art,,sedrakyan,art sedrakyan,male,male
diane,,seibert,diane seibert,female,female
jennifer,,seida,jennifer seida,female,female
elodie,,sellier,elodie sellier,female,female
elizabeth,,selvin,elizabeth selvin,female,female
richard,,semba,richard semba,male,male
srijan,,sen,srijan sen,male,male
hsien,,seow,hsien seow,male,unknown
thomas,,sequist,thomas sequist,male,male
sudha,,seshadri,sudha seshadri,female,female
howard,,sesso,howard sesso,male,male
arathi,,setty,arathi setty,male,female
jane,,seward,jane seward,female,female
justin,,sewell,justin sewell,male,male
nancy,,shadick,nancy shadick,female,female
mary-ann,,shafer,mary-ann shafer,female,unknown
robert,,shafer,robert shafer,male,male
jignesh,,shah,jignesh shah,male,unknown
rahman,,shah,rahman shah,male,male
vahakn,,shahinian,vahakn shahinian,male,unknown
tatyana,,shamliyan,tatyana shamliyan,female,female
seetha,,shankaran,seetha shankaran,female,unknown
leena,,sharma,leena sharma,female,female
gulshan,,sharma,gulshan sharma,female,unknown
trisha,,shattuck,trisha shattuck,female,female
sharon,,sheehan,sharon sheehan,female,female
ellen,,sheehy,ellen sheehy,female,female
karen,,sherman,karen sherman,female,female
andrew,,sherwood,andrew sherwood,male,male
meredith,,shiels,meredith shiels,female,unknown
henry,,shinefield,henry shinefield,male,male
cathy,,shipman,cathy shipman,female,female
yasushi,,shiratori,yasushi shiratori,male,unknown
sushmita,,shivkumar,sushmita shivkumar,female,female
michael,,shlipak,michael shlipak,male,male
kaveh,,shojania,kaveh shojania,male,male
molly,,shores,molly shores,female,female
jacqueline,baras,shreibati,jacqueline baras shreibati,female,female
ashfaq,,shuaib,ashfaq shuaib,male,unknown
jeffrey,,shuhaiber,jeffrey shuhaiber,male,male
irene,,shui,irene shui,female,female
asra,,siddiqui,asra siddiqui,female,female
davinder,,sidhu,davinder sidhu,male,male
john,,sievenpiper,john sievenpiper,male,male
alice,,sigurdson,alice sigurdson,female,female
sigmund,,silber,sigmund silber,male,male
danielle,,silverman,danielle silverman,female,female
camelia,,sima,camelia sima,female,female
edgar,,simard,edgar simard,male,male
mark,,simmonds,mark simmonds,male,male
gérald,,simonneau,gérald simonneau,male,unknown
emily,,simons,emily simons,female,female
sheldon,,singh,sheldon singh,male,unknown
hardeep,,singh,hardeep singh,male,unknown
peter,,sinnaeve,peter sinnaeve,male,male
george,,siontis,george siontis,male,male
ilke,,sipahi,ilke sipahi,male,unknown
sergio,,siragusa,sergio siragusa,male,male
brenda,,sirovich,brenda sirovich,female,female
jane,,sisk,jane sisk,female,female
stephen,,sisson,stephen sisson,male,male
håvard,ove,skjerven,håvard ove skjerven,male,unknown
rebeccah,,slater,rebeccah slater,female,female
pauline,,slottje,pauline slottje,female,female
kersten,,small,kersten small,female,female
bruce,,smith, bruce smith,male,male
alexander,,smith,alexander smith,male,male
stevens,,smith,stevens smith,male,male
craig,,smith,craig smith,male,male
rebecca,,smith-bindman,rebecca smith-bindman,female,female
crystal,,smith-spangler,crystal smith-spangler,female,female
kim,,smolderen,kim smolderen,female,unknown
jordan,,smoller,jordan smoller,male,unknown
alan,,smyth,alan smyth,male,male
soham,,al snih,soham al snih,female,male
matthew,,solomon,matthew solomon,male,male
daniel,,solomon,daniel solomon,male,male
henrik,toft,sørensen,henrik toft sørensen,male,male
rikke,,sørensen,rikke sørensen,female,female
maryfran,,sowers,maryfran sowers,female,unknown
pierre,,amarenco,pierre amarenco,male,male
benjamin,,speich,benjamin speich,male,male
frederick,,spencer,frederick spencer,male,male
joann,,sperl-hillen,joann sperl-hillen,female,female
paul,,spiegel,paul spiegel,male,male
gregory,,albers,gregory albers,male,male
paul,,stallard,paul stallard,male,male
melinda,,stanley,melinda stanley,female,female
anke,,steckelberg,anke steckelberg,female,unknown
norbert,,stefan,norbert stefan,male,male
marcia,,stefanick,marcia stefanick,female,female
philippe,gabriel,steg,philippe gabriel steg,male,male
paul,,stein,paul stein,male,male
gerhard,,steinbeck,gerhard steinbeck,male,male
michael,,steinman,michael steinman,male,male
henry,thomas,stelfox,henry thomas stelfox,male,male
ulf,,stenestrand,ulf stenestrand,male,unknown
william,,stenson,william stenson,male,male
iain,,stephenson,iain stephenson,male,male
kathleen,,stergiopoulos,kathleen stergiopoulos,female,female
timothy,,sterling,timothy sterling,male,male
michael,,stern,michael stern,male,male
scott,,stevens,scott stevens,male,male
adam,,steventon,adam steventon,male,male
scott,,stewart,scott stewart,male,male
chad,,stickrath,chad stickrath,male,male
ian,,stiell,ian stiell,male,male
karen,,stockl,karen stockl,female,female
tim,,stokes,tim stokes,male,male
rachael,,stolzenberg-solomon,rachael stolzenberg-solomon,female,female
gregg,,stone,gregg stone,male,male
katherine,,stothard,katherine stothard,female,female
saverio,,stranges,saverio stranges,male,male
sabine,,straus,sabine straus,female,female
pasquale,,striano,pasquale striano,male,male
thea,,strieder,thea strieder,female,female
alison,,stuebe,alison stuebe,female,female
til,,stürmer,til stürmer,male,unknown
pedro,,suárez,pedro suárez,male,male
sachin,,sud,sachin sud,male,male
sebastian,,suerbaum,sebastian suerbaum,male,male
mark,,sullivan,mark sullivan,male,male
catherine,,sullivan,catherine sullivan,female,female
anne,,sumner,anne sumner,female,female
qi,,sun,qi sun,male,male
xin,,sun,xin sun,unknown,unknown
shyam,,sundar,shyam sundar,male,male
joseph,,sung,joseph sung,male,male
pål,,surén,pål surén,male,unknown
rakesh,,suri,rakesh suri,male,male
nanthia,,suthana,nanthia suthana,female,unknown
kim,,sutton-tyrrell,kim sutton-tyrrell,female,unknown
henrik,,svanström,henrik svanström,male,male
gary,,swan,gary swan,male,male
philippe,,szapary,philippe szapary,male,male
harry,,tagbor,harry tagbor,male,male
taha,,taha,taha taha,male,male
philippa,,talmud,philippa talmud,female,female
robyn,,tamblyn,robyn tamblyn,female,unknown
martin,,tammemagi, martin tammemagi,male,male
masahiro,,tanaka,masahiro tanaka,male,male
ning,,tang,ning tang,female,unknown
navdeep,,tangri,navdeep tangri,male,unknown
richard,,tannen,richard tannen,male,male
cara,,tannenbaum,cara tannenbaum,female,female
catherine,,tansey,catherine tansey,female,female
carolyn,,tarrant,carolyn tarrant,female,female
donald,,tashkin,donald tashkin,male,male
deborah,,tate,deborah tate,female,female
eriko,,tateishi-yuyama,eriko tateishi-yuyama,unknown,female
angelo,,taveira-dasilva,angelo taveira-dasilva,male,unknown
kathryn,,taylor,kathryn taylor,female,female
paris,,tekkis,paris tekkis,male,unknown
milena,gurgel,teles,milena gurgel teles,female,female
marije,,ten wolde,marije ten wolde,female,unknown
joan,,teno,joan teno,female,unknown
gunnar,,tepe,gunnar tepe,male,male
teruhiko,,terasawa,teruhiko terasawa,male,unknown
kathryn,,terry,kathryn terry,female,female
george,,thanassoulis,george thanassoulis,male,male
sudhin,,thayyil,sudhin thayyil,male,unknown
chloe,,thio,chloe thio,female,female
randal,,thomas,randal thomas,male,male
matthew,,thompson,matthew thompson,male,male
reimar,,thomsen,reimar thomsen,male,unknown
mette,,thomsen,mette thomsen,female,female
jeffrey,,tice,jeffrey tice,male,male
justin,,timbie,justin timbie,male,male
mary,,tinetti,mary tinetti,female,female
henry,,ting,henry ting,male,male
amir,,tirosh,amir tirosh,male,unknown
sengwee,,toh,sengwee toh,male,unknown
wietse,,tol,wietse tol,male,unknown
cecilia,,tomassini,cecilia tomassini,female,female
eric,,topol,eric topol,male,male
anna,,tosteson,anna tosteson,female,female
amytis,,towfighi,amytis towfighi,female,unknown
anne,,townsend,anne townsend,female,female
antonia,,trichopoulou,antonia trichopoulou,female,unknown
elizabeth,,tronstein,elizabeth tronstein,female,female
bourdin,,trunz, bourdin trunz,female,unknown
thomas,,tsai,thomas tsai,male,male
chin-lin,,tseng,chin-lin tseng,male,unknown
judith,,tsui,judith tsui,female,female
roderick,,tung,roderick tung,male,male
ruth,,tuomala,ruth tuomala,female,female
lindsay,,turnbull,lindsay turnbull,female,unknown
charles,,turner,charles turner,male,male
barbara,,turner,barbara turner,female,female
ioanna,,tzoulaki,ioanna tzoulaki,female,female
kanji,,uchida,kanji uchida,male,male
edward,,uchio,edward uchio,male,male
andré,,uitterlinden,andré uitterlinden,male,unknown
jürgen,,unützer,jürgen unützer,male,unknown
ashish,,upadhyay,ashish upadhyay,male,male
christopher,,murray,christopher murray,unknown,male
daniel,,uslan,daniel uslan,male,male
olalekan,,uthman,olalekan uthman,male,male
viola,,vaccarino,viola vaccarino,female,female
anjana,,vaidya,anjana vaidya,female,female
nestor,,vain,nestor vain,male,male
dino,,vaira,dino vaira,male,male
margarite,,vale,margarite vale,female,female
juan,,valle,juan valle,male,male
sophie,,valleix,sophie valleix,female,female
willemien,,van de water,willemien van de water,female,unknown
ingrid,,van den broek,ingrid van den broek,female,female
ann,,van den bruel,ann van den bruel,female,female
wilbert,,van den hout,wilbert van den hout,male,male
paul,,van der linden,paul van der linden,male,male
jenny,,van der steen,jenny van der steen,female,female
merel,,van maarle,merel van maarle,female,unknown
wouter,,van marken lichtenbelt,wouter van marken lichtenbelt,male,unknown
marco,,van strijen,marco van strijen,male,male
carl,,van walraven,carl van walraven,male,male
mark,,vander lugt,mark vander lugt,male,male
mark,,vanderpump,mark vanderpump,male,male
ramachandran,,vasan,ramachandran vasan,male,unknown
despoina,,vasilakou,despoina vasilakou,female,unknown
robert,,vassallo,robert vassallo,male,male
talitha,,verhoef,talitha verhoef,female,female
yury,,verlinsky,yury verlinsky,male,unknown
marcel,,verweij,marcel verweij,male,unknown
timo,,vesikari,timo vesikari,male,male
mogens,,vestergaard,mogens vestergaard,male,unknown
andrew,,vickers,andrew vickers,male,male
ronald,,victor,ronald victor,male,male
maría,,vidán,maría vidán,female,unknown
dennis,,villareal,dennis villareal,male,male
ajeet,,vinayak,ajeet vinayak,male,male
sébastien,,vincendeau,sébastien vincendeau,male,unknown
jean-louis,,vincent,jean-louis vincent,male,unknown
russell,,viner,russell viner,male,male
yana,,vinogradova,yana vinogradova,female,female
salim,,virani,salim virani,male,male
kirsi,,virtanen,kirsi virtanen,female,female
deepak,,vivekananthan,deepak vivekananthan,male,male
dirk,,vlasselaers,dirk vlasselaers,male,male
benjamin,,voight,benjamin voight,male,male
angelo,,volandes,angelo volandes,male,unknown
michael,,volk,michael volk,male,male
ronald,,van vollenhoven,ronald van vollenhoven,male,male
kevin,,volpp,kevin volpp,male,male
ajay,,vora,ajay vora,male,male
uraiwan,,vuttanont,uraiwan vuttanont,unknown,unknown
claire,,waddington,claire waddington,female,unknown
margda,,waern,margda waern,female,unknown
tor,,wager,tor wager,male,male
john,,wagner,john wagner,male,male
nils,,wahlgren,nils wahlgren,male,male
hans,,wahrenberg,hans wahrenberg,male,male
melissa,,wake,melissa wake,female,female
melanie,,wakefield,melanie wakefield,female,female
rochelle,,walensky,rochelle walensky,female,female
lisa,,walke,lisa walke,female,female
gregor,,walker,gregor walker,male,male
jan,,walker,jan walker,female,unknown
jan,,wallenborn,jan wallenborn,male,unknown
alexander,,walley,alexander walley,male,male
anne,,walling,anne walling,female,female
timothy,,walsh, timothy walsh,male,male
edward,,walsh,edward walsh,male,male
thomas,,walsh,thomas walsh,male,male
thom,,walsh,thom walsh,male,male
hannes,,wandt,hannes wandt,male,male
youfa,,wang,youfa wang,male,unknown
norman,,wang,norman wang,male,male
tracy,,wang,tracy wang,female,unknown
amy,,wang,amy wang,female,female
chen,,wang,chen wang,unknown,unknown
michael,,wang,michael wang,male,male
guoying,,wang,guoying wang,male,unknown
ronald,,wapner,ronald wapner,male,male
joel,,ward,joel ward,male,male
heather,,ward,heather ward,female,female
joan,,warren,joan warren,female,unknown
asra,,warsi,asra warsi,female,female
patrice,,watson,patrice watson,unknown,unknown
john,,watson,john watson,male,male
deborah,,watson-jones,deborah watson-jones,female,female
heather,,watts, heather watts,female,female
wendy,,weber,wendy weber,female,female
angela,,webster,angela webster,female,female
erich,,wedam,erich wedam,male,male
william,,weeks,william weeks,male,male
saul,,weiner,saul weiner,male,male
katie,,weinger,katie weinger,female,female
amy,,weinstein,amy weinstein,female,female
william,,weintraub,william weintraub,male,male
christopher,,weis,christopher weis,male,male
steven,,weisbord,steven weisbord,male,male
steven,,weisman,steven weisman,male,male
stuart,,weiss,stuart weiss,male,male
lauren,,weiss,lauren weiss,female,unknown
gilbert,,welch, gilbert welch,male,male
james,,welker,james welker,male,male
philip,,wells,philip wells,male,male
brian,,wells,brian wells,male,male
chi,pang,wen,chi pang wen,male,unknown
david,,wendler,david wendler,male,male
neil,,wenger,neil wenger,male,male
david,,wennberg,david wennberg,male,male
rachel,,werner,rachel werner,female,female
susan,,west,susan west,female,female
sheila,,west,sheila west,female,female
colin,,west,colin west,male,male
stephen,,westaby,stephen westaby,male,male
johanna,,westbrook,johanna westbrook,female,female
william,,wester, william wester,male,male
hugo,,westerlund,hugo westerlund,male,male
kate,,wheeler,kate wheeler,female,female
timothy,,whelan,timothy whelan,male,male
paul,,whelton,paul whelton,male,male
peter,,white,peter white,male,male
richard,,white,richard white,male,male
rachel,,whitmer,rachel whitmer,female,female
mary,,whooley,mary whooley,female,female
dominic,,wichmann,dominic wichmann,male,male
kimberly,,wiegand,kimberly wiegand,female,female
renda,soylemez,wiener,renda soylemez wiener,female,female
jeff,,wiese,jeff wiese,male,male
duminda,,wijeysundera,duminda wijeysundera,male,unknown
rachel,,wildman,rachel wildman,female,female
denise,,wilfley,denise wilfley,female,female
carole,,willi,carole willi,female,female
michael,,wilschanski,michael wilschanski,male,male
robert,,wilson,robert wilson,male,male
david,,wilson,david wilson,male,male
lindon,,wing,lindon wing,male,male
rena,,wing,rena wing,female,female
wolfgang,,winkelmayer,wolfgang winkelmayer,male,male
almut,,winterstein,almut winterstein,female,unknown
tania,,winzenberg,tania winzenberg,female,female
robert,,wise,robert wise,male,male
joseph,,wislar,joseph wislar,male,male
juan,,wisnivesky,juan wisnivesky,male,male
daniel,,witt,daniel witt,male,male
ilan,,wittstein,ilan wittstein,male,male
hans,,woerle,hans woerle,male,male
michael,,wolf,michael wolf,male,male
steven,,woloshin,steven woloshin,male,male
nelson,,wolosker,nelson wolosker,male,male
tien,yin,wong,tien yin wong,male,unknown
yu-ning,,wong,yu-ning wong,female,unknown
nathan,,wong,nathan wong,male,male
patrick,,woo,patrick woo,male,male
alexi,,wright,alexi wright,female,unknown
stephen,,wroe,stephen wroe,male,male
wen-chih,,wu,wen-chih wu,male,unknown
diane,,wysowski,diane wysowski,female,female
qian,,xiao,qian xiao,unknown,male
mingzhao,,xing,mingzhao xing,male,unknown
kristine,,yaffe,kristine yaffe,female,female
yoshiji,,yamada,yoshiji yamada,male,unknown
andrew,,yan,andrew yan,male,male
kiyoshi,,yanagisawa,kiyoshi yanagisawa,male,male
william,,yancy,william yancy,male,male
da,,yang,da yang,male,unknown
gonghuan,,yang,gonghuan yang,male,unknown
quanhe,,yang,quanhe yang,unknown,unknown
veronica,,yank,veronica yank,female,female
jack,,yanovski,jack yanovski,male,male
james,,yao,james yao,male,male
lucy,,yardley,lucy yardley,female,female
john,,yates,john yates,male,male
robert,,yeh,robert yeh,male,male
gloria,,yeh,gloria yeh,female,female
yoko,,yokoyama,yoko yokoyama,unknown,female
kol,jia,yong,kol jia yong,female,male
marianne,ulcickas,yood,marianne ulcickas yood,female,female
jaclyn,,yoong,jaclyn yoong,female,female
terry,,young,terry young,male,unknown
bridget,,young,bridget young,female,female
annie,,young,annie young,female,female
henry,,yu,henry yu,male,male
hongjie,,yu,hongjie yu,male,unknown
leo,,zacharski,leo zacharski,male,unknown
woodie,,zachry,woodie zachry,male,unknown
neil,,zakai,neil zakai,male,male
chunliu,,zhan,chunliu zhan,male,unknown
shihai,,zhang,shihai zhang,male,unknown
fujie,,zhang,fujie zhang,male,female
yuting,,zhang,yuting zhang,female,unknown
xinzhi,,zhang,xinzhi zhang,male,unknown
yiyi,,zhang,yiyi zhang,female,unknown
ying,,zhao,ying zhao,female,unknown
jin-ping,,zheng,jin-ping zheng,male,unknown
li,,zhou,li zhou,female,unknown
feng-cai,,zhu,feng-cai zhu,male,unknown
david,,ziemer,david ziemer,male,male
eyal,,zimlichman,eyal zimlichman,male,male
camilla,,zimmermann,camilla zimmermann,female,female
david,,zingmond,david zingmond,male,male
issaka,,zongo,issaka zongo,male,unknown
donna,,zulman,donna zulman,female,female
