last_name,first_name,other,full_name,ga_gender,gd_gender,gg_gender,genderize_gender,ga_probability,genderize_probability
Beyer,Horst R.,,Horst R. Beyer,male,male,male,male,0.98,0.98
Klebaner,Fima,,Fima Klebaner,male,unknown,female,male,0.58,0.61
Oyarzún,Grecco A.,,Grecco A. Oyarzún,male,unknown,unknown,male,1.0,1.0
Do,Phan-Thuan,,Phan-Thuan Do,male,unknown,unknown,unknown,0.7,0.0
Chalamalasetti,Sai Rahul,,Sai Rahul Chalamalasetti,male,unknown,andy,male,1.0,0.77
Solé,Josep Lluís,,Josep Lluís Solé,male,male,male,male,1.0,0.99
Kong,Ki-Jeong,,Ki-Jeong Kong,male,unknown,unknown,male,0.72,1.0
Liu,Ze Long,,Ze Long Liu,male,male,andy,male,0.93,0.93
Bui,Phuong Thuy,,Phuong Thuy Bui,female,unknown,female,female,0.97,0.66
Nikolaidis,Marios-Andreas,,Marios-Andreas Nikolaidis,male,unknown,unknown,unknown,0.99,0.0
Boonstra,Albert-Jan,,Albert-Jan Boonstra,male,unknown,unknown,male,1.0,1.0
Li,Zimi,,Zimi Li,male,unknown,unknown,male,0.69,0.79
Nishimura,Dwight G,,Dwight G Nishimura,male,male,male,male,0.99,0.99
Aoyama,Yuhiko,,Yuhiko Aoyama,male,unknown,unknown,male,0.67,1.0
Paillard,Gabriel A. L.,,Gabriel A. L. Paillard,male,unknown,male,male,0.99,0.98
Kent,Candace M.,,Candace M. Kent,female,female,female,female,0.98,0.98
Pal,Umapada,,Umapada Pal,male,unknown,unknown,unknown,1.0,0.0
Lopes,Ana Paula Brandão,,Ana Paula Brandão Lopes,female,female,female,female,0.97,0.98
Gunter,Elsa L.,,Elsa L. Gunter,female,female,female,female,0.98,0.98
Ghosh,Bahniman,,Bahniman Ghosh,male,unknown,unknown,unknown,1.0,0.0
Luo,Yunqiu Kelly,,Yunqiu Kelly Luo,female,unknown,unknown,female,0.88,0.67
Reddy,Bacham Eswar,,Bacham Eswar Reddy,male,unknown,unknown,male,1.0,1.0
Heidarsson,Hordur K.,,Hordur K. Heidarsson,male,unknown,unknown,male,1.0,1.0
Babayev,Mirbaba M.,,Mirbaba M. Babayev,male,unknown,unknown,male,1.0,1.0
Purbarani,Sumarsih Condroayu,,Sumarsih Condroayu Purbarani,female,unknown,unknown,female,1.0,1.0
Wozniak,Przemyslaw,,Przemyslaw Wozniak,male,unknown,unknown,male,0.99,1.0
Pang,Cheng-qun,,Cheng-qun Pang,male,unknown,unknown,unknown,0.72,0.0
Vongsvivut,Jitraporn,,Jitraporn Vongsvivut,female,unknown,unknown,female,0.92,0.88
Ren,Binyin,,Binyin Ren,female,unknown,unknown,unknown,0.75,0.0
Yamane,Hideshi,,Hideshi Yamane,male,unknown,male,male,1.0,1.0
Henriquez,Enrique Blanco,,Enrique Blanco Henriquez,male,male,male,male,1.0,0.99
Aisati,Chaimae El,,Chaimae El Aisati,female,unknown,unknown,female,0.98,0.98
Brizard,Alain J.,,Alain J. Brizard,male,male,male,male,0.98,0.99
Detre,Ors H.,,Ors H. Detre,male,unknown,unknown,male,0.72,0.73
Khassanov,Yerbolat,,Yerbolat Khassanov,male,unknown,unknown,male,1.0,1.0
La Haye,Reuben N.,,Reuben N. La Haye,male,male,male,male,0.56,0.99
Zurek,Dave R.,,Dave R. Zurek,male,male,male,male,0.99,0.99
Cherng,Hsiang-En,,Hsiang-En Cherng,male,unknown,unknown,unknown,0.7,0.0
Huang,Xin-Ru,,Xin-Ru Huang,male,unknown,andy,female,0.6,1.0
Sandev,Trifce,,Trifce Sandev,male,unknown,unknown,unknown,1.0,0.0
Wu,Allen C. -H.,,Allen C. -H. Wu,male,male,male,male,0.96,0.93
Tanveer,Md. Siddiqur Rahman,,Md. Siddiqur Rahman Tanveer,male,male,unknown,male,0.98,0.92
Rai,Juhi H.,,Juhi H. Rai,female,female,female,female,0.98,0.86
Murphy,Robin R.,,Robin R. Murphy,male,unknown,male,male,0.75,0.93
Patel,Nimesh,,Nimesh Patel,male,male,unknown,male,1.0,1.0
Agarap,Abien Fred,,Abien Fred Agarap,male,unknown,unknown,male,0.96,1.0
Shah,Abhay G.,,Abhay G. Shah,male,male,male,male,1.0,1.0
Márquez,María Auxiliadora,,María Auxiliadora Márquez,female,unknown,female,female,0.95,0.99
Kanhe,Nilesh S.,,Nilesh S. Kanhe,male,male,unknown,male,1.0,0.99
Tredenick,Eloise C.,,Eloise C. Tredenick,female,female,female,female,0.98,0.97
Grist,David A. M.,,David A. M. Grist,male,male,male,male,0.99,0.99
Gamper,La.,,La. Gamper,female,unknown,unknown,unknown,0.84,0.0
Wu,Jung-Hsuan,,Jung-Hsuan Wu,male,unknown,unknown,unknown,0.69,0.0
Nguyen,Nghiem V.,,Nghiem V. Nguyen,male,unknown,andy,male,0.86,0.87
Fu,Cheng Peng,,Cheng Peng Fu,male,unknown,andy,male,0.78,0.74
Arefe,Ghidewon,,Ghidewon Arefe,female,unknown,unknown,unknown,0.82,0.0
Suzuki,Ryuiji,,Ryuiji Suzuki,male,unknown,unknown,unknown,0.8,0.0
Ravat,Uma V.,,Uma V. Ravat,female,female,female,female,0.74,0.76
Gunatilleka,Danul K.,,Danul K. Gunatilleka,male,unknown,unknown,female,1.0,0.75
Zhuang,Wei Feng,,Wei Feng Zhuang,male,unknown,andy,male,1.0,0.72
Ginestet,Cedric E.,,Cedric E. Ginestet,male,male,male,male,0.99,0.99
Parfrey,Kyle P.,,Kyle P. Parfrey,male,unknown,female,male,0.98,0.98
Pimentel,Bruto Max,,Bruto Max Pimentel,male,unknown,male,male,0.98,0.96
Hannan,Raquibul,,Raquibul Hannan,male,unknown,unknown,male,1.0,1.0
Chen,Shaomin,,Shaomin Chen,unknown,unknown,unknown,male,0.5,0.77
Negash,Awoke,,Awoke Negash,male,unknown,unknown,male,0.9,0.94
Nieuwenhuizen,Th. M.,,Th. M. Nieuwenhuizen,male,unknown,unknown,male,0.95,0.72
Carrera,Jose Luis V.,,Jose Luis V. Carrera,male,male,male,male,0.99,0.98
Sivanesan,Vishagan,,Vishagan Sivanesan,male,unknown,unknown,male,1.0,1.0
Alexey,Bobtsov,,Bobtsov Alexey,male,unknown,unknown,unknown,1.0,0.0
Frost,Mark I,,Mark I Frost,male,male,male,male,1.0,0.99
Yeo,Yeon-Mi,,Yeon-Mi Yeo,female,unknown,unknown,female,0.56,1.0
Sanchez-Valencia,Juan-Ramon,,Juan-Ramon Sanchez-Valencia,male,unknown,unknown,male,1.0,1.0
Boulmane,Lahsen,,Lahsen Boulmane,male,unknown,unknown,male,0.97,0.96
Lin,Hui-Wen,,Hui-Wen Lin,female,unknown,andy,female,1.0,1.0
Breaban,Mihaela Elena,,Mihaela Elena Breaban,female,female,female,female,0.98,0.98
Kabanov,Viktor V,,Viktor V Kabanov,male,male,male,male,0.98,0.99
-H.,Wang Z.,,Wang Z. -H.,male,male,andy,male,0.67,0.64
Tan,Adrian Teck Keng,,Adrian Teck Keng Tan,male,unknown,male,male,0.98,0.99
Caretta,Ottone,,Ottone Caretta,male,unknown,male,male,0.93,0.93
Li,Guang-Bing,,Guang-Bing Li,male,unknown,unknown,unknown,0.68,0.0
Noei,Heshmat,,Heshmat Noei,male,unknown,unknown,male,0.93,0.84
Tabor,Vedrana Högqvist,,Vedrana Högqvist Tabor,female,unknown,female,female,0.97,0.98
Cohen,LF,,LF Cohen,male,unknown,unknown,male,0.73,0.63
Martínez-García,Anaís,,Anaís Martínez-García,female,unknown,unknown,unknown,0.98,0.0
Zhang,Lucy Liuxuan,,Lucy Liuxuan Zhang,female,female,female,female,0.98,0.97
Shafaat,Ahmed Bin,,Ahmed Bin Shafaat,male,male,male,male,0.98,0.98
Das,Shankar P.,,Shankar P. Das,male,male,male,male,1.0,0.99
Jones,Hugh R. R.,,Hugh R. R. Jones,male,male,male,male,0.99,0.98
Alonso,Daniel Calvo,,Daniel Calvo Alonso,male,male,male,male,1.0,0.99
Waldvogel,Siegfried R.,,Siegfried R. Waldvogel,male,male,male,male,0.99,0.99
Bui,Trung H.,,Trung H. Bui,male,male,male,male,0.98,0.98
Baba,Mohamed Ahmed Mohamed,,Mohamed Ahmed Mohamed Baba,male,male,male,male,0.98,0.98
Clements,Robert Alan,,Robert Alan Clements,male,male,male,male,1.0,0.99
Nardelli,Pedro J. H.,,Pedro J. H. Nardelli,male,male,male,male,0.99,0.99
Flores,Marco Antonio Rodríguez,,Marco Antonio Rodríguez Flores,male,male,male,male,1.0,0.99
Tay,Noel Nuo Wi,,Noel Nuo Wi Tay,male,unknown,male,male,0.88,0.93
Khandaker,32 M.,,32 M. Khandaker,unknown,unknown,unknown,unknown,,0.0
Fukushi,Hinako,,Hinako Fukushi,female,female,female,female,1.0,0.98
Pérez-Ruiz,Diego Andrés,,Diego Andrés Pérez-Ruiz,male,male,male,male,1.0,0.99
